,薬品名：,,
,過去：,,90日
,回転数：,,1以下
,薬価：,,
,使用期限：,,
,経過措置：,,なし
,余剰在庫金額：,,646583円
薬品名,,剤区分,,薬価,在庫量,回転数,経過措置日,使用期限,ロット番号,在庫量,原価,金額,登録,登録数,備考,コメント
(局)ｱｾﾄｱﾐﾉﾌｪﾝ,,,,7.30,(493.225),0.00,2023/ 3/31,, ,(484.925),0.000,0,,,,
「純生」ｄｌ−カンフル B,,,,7.30,275.000,0.00,,2025/ 6,BF-09,275.000,8.400,2310,,,,
【ク００７】クラシエ八味地黄丸料エキス細粒 H2.000,,,,15.50,(336.000),0.00,,, ,(336.000),0.000,0,,,,
【ク００７】クラシエ八味地黄丸料エキス錠 H,,,,7.40,456.000,0.00,,2026/ 6,05GD,456.000,4.370,1993,,456.000,,
【ク０１４】クラシエ半夏瀉心湯エキス錠 H,,,,9.70,252.000,0.00,,2026/ 3,01DD,252.000,5.970,1504,,252.000,,
【ク０１６】クラシエ半夏厚朴湯エキス細粒 H2.000,,,,16.50,(336.000),-1.65,,2026/ 3,42R533,(336.000),10.000,-3360,,,,
【ク０３４】クラシエ白虎加人参湯エキス錠 H,,,,13.50,472.000,0.50,,2027/ 5,02FE,336.000,12.270,4123,,,,
,,,,,,,,2026/12,01MD,136.000,12.270,1669,,,,
【ク０４９】クラシエ加味帰脾湯エキス錠 H,,,,9.60,156.000,0.00,,2025/ 9,01JC,156.000,5.610,875,,156.000,,
【ク０６２】クラシエ防風通聖散エキス錠 H,,,,3.80,9.000,0.00,,2025/11,08LC,9.000,2.140,19,,9.000,,
【ク０９６】クラシエ柴朴湯エキス細粒 H3.750,,,,30.00,(210.000),0.00,,, ,(210.000),0.000,0,,,,
【ツ００２】ツムラ葛根湯加川きゅう辛夷エキス顆粒（医療用） H2.500,,,,10.10,520.000,0.31,,2026/ 4,W02542,472.500,9.260,4375,,,,
,,,,,,,,2026/ 4,W00122,47.500,9.260,440,,,,
【ツ０１４】ツムラ半夏瀉心湯エキス顆粒（医療用） H2.500,,,,22.30,895.000,0.72,,2027/ 7,X13932,472.500,19.890,9398,,,,
,,,,,,,,2027/ 6,X08002,422.500,19.890,8404,,,,
【ツ０１８】ツムラ桂枝加朮附湯エキス顆粒（医療用） H2.500,,,,14.90,590.000,0.00,,2026/ 2,U34882,380.000,8.820,3352,,,,
,,,,,,,,2025/ 9,U17732,210.000,8.820,1852,,210.000,,
【ツ０１９】ツムラ小青竜湯エキス顆粒（医療用） H3.000,,,,12.80,777.000,0.00,,2027/ 2,W37892,777.000,11.490,8928,,,,
【ツ０２０】ツムラ防已黄耆湯エキス顆粒（医療用） H2.500,,,,9.60,765.000,0.13,,2027/ 7,X13172,472.500,8.570,4049,,,,
,,,,,,,,2027/ 1,W36442,292.500,8.570,2507,,,,
【ツ０２７】ツムラ麻黄湯エキス顆粒（医療用） H2.500,,,,11.40,1142.000,0.18,,2026/10,W28081,617.000,10.360,6392,,,,
,,,,,,,,2027/ 5,X05881,472.500,10.360,4895,,,,
,,,,,,,,2026/10,W28641,52.500,10.360,544,,,,
【ツ０３６】ツムラ木防已湯エキス顆粒（医療用） H2.500,,,,13.20,387.500,0.00,,2025/ 4,U03841,387.500,13.300,5154,,,,
【ツ０３７】ツムラ半夏白朮天麻湯エキス顆粒（医療用） H2.500,,,,23.20,177.500,0.00,,, ,177.500,20.710,3676,,,,
【ツ０４０】ツムラ猪苓湯エキス顆粒（医療用） H2.500,,,,13.70,862.500,0.03,,2027/ 6,X08932,862.500,12.200,10523,,,,
【ツ０４６】ツムラ七物降下湯エキス顆粒（医療用） H2.500,,,,13.10,157.500,0.00,,2026/ 2,U42771,157.500,7.900,1244,,,,
【ツ０４７】ツムラ釣藤散エキス顆粒（医療用） H2.500,,,,34.70,1110.000,0.88,,2027/ 8,X16012,1110.000,31.540,35009,,,,
【ツ０５０】ツムラ荊芥連翹湯エキス顆粒（医療用） H2.500,,,,18.60,95.000,0.00,,2026/ 2,U33782,95.000,17.090,1624,,,,
【ツ０５３】ツムラ疎経活血湯エキス顆粒（医療用） H2.500,,,,16.20,832.500,0.55,,2027/ 4,X00891,472.500,14.720,6955,,,,
,,,,,,,,2027/ 3,W45691,335.000,14.720,4931,,,,
,,,,,,,,2027/ 4,X00791,25.000,14.720,368,,,,
【ツ０５７】ツムラ温清飲エキス顆粒（医療用） H2.500,,,,15.20,877.000,0.69,,2027/ 5,X05132,877.000,13.450,11796,,,,
【ツ０５８】ツムラ清上防風湯エキス顆粒（医療用） H2.500,,,,12.40,785.000,0.00,,2025/12,U37051,665.000,11.350,7548,,455.000,,
,,,,,,,,2025/ 8,U20541,105.000,11.350,1192,,105.000,,
,,,,,,,,2025/ 6,R09041,15.000,11.350,170,,15.000,,
【ツ０６３】ツムラ五積散エキス顆粒（医療用） H2.500,,,,13.40,7.500,0.00,,2024/ 8, T12522,7.500,8.010,60,,,,
【ツ０７２】ツムラ甘麦大棗湯エキス顆粒（医療用） H2.500,,,,12.20,297.500,0.00,,2026/ 3,U48081,210.000,7.350,1544,,,,
,,,,,,,,2025/12,U35941,87.500,7.350,643,,,,
【ツ０７７】ツムラきゅう帰膠艾湯エキス顆粒（医療用） H3.000,,,,8.00,162.000,0.00,,2025/ 7,U15251,126.000,7.530,949,,126.000,,
,,,,,,,,2025/ 4,U02381,36.000,7.530,271,,36.000,,
【ツ０８５】ツムラ神秘湯エキス顆粒（医療用） H2.500,,,,14.80,210.000,0.00,,2026/ 2,U43721,210.000,13.530,2841,,,,
【ツ０８７】ツムラ六味丸エキス顆粒（医療用） H2.500,,,,13.80,157.500,0.00,,2027/ 4,X01052,157.500,12.540,1975,,,,
【ツ１０３】ツムラ酸棗仁湯エキス顆粒（医療用） H2.500,,,,18.00,485.000,0.31,,2027/ 5,X05421,472.500,16.360,7730,,,,
,,,,,,,,2027/ 1,W40051,12.500,16.360,205,,,,
【ツ１０５】ツムラ通導散エキス顆粒（医療用） H2.500,,,,14.60,495.000,0.00,,2026/ 3,U48951,232.500,8.640,2009,,232.500,,
,,,,,,,,2025/ 4,U03701,140.000,8.640,1210,,,,
,,,,,,,,, ,122.500,8.640,1058,,,,
【ツ１１４】ツムラ柴苓湯エキス顆粒（医療用） H3.000,,,,45.00,384.000,0.00,,2026/ 6,w07472,384.000,40.360,15498,,,,
【ツ１１８】ツムラ苓姜朮甘湯エキス顆粒（医療用） H2.500,,,,12.50,84.000,0.00,,2025/10,U27211,84.000,7.530,633,,,,
【ツ１３６】ツムラ清暑益気湯エキス顆粒（医療用） H2.500,,,,21.60,315.000,0.15,,2027/ 5,X04172,315.000,19.420,6117,,,,
【ツ３０２０】ツムラの生薬コウジン末（調剤用） B,,,,33.90,250.000,0.00,,2026/ 6,T08871,250.000,33.900,8475,,,,
２ｍｇセルシン錠 H,,向精神薬,,6.00,237.000,0.94,,2029/ 9,KD011,200.000,5.040,1008,,,,
,,,,,,,,2029/ 1,JH011,37.000,5.040,186,,,,
５％サリチル酸ワセリン軟膏東豊 B,,,,4.20,100.000,0.00,,2026/10,1XRA,100.000,2.730,273,,,,
５ｍｇセルシン錠 H,,向精神薬,,9.40,67.000,0.00,,2028/ 6,JA011,67.000,8.380,561,,,,
ＥＳポリタミン配合顆粒 H2.000,,,,25.20,336.000,0.00,,2026/ 1, 1B556,336.000,25.200,8467,,,,
ＭＳコンチン錠１０ｍｇ B,,麻薬,,245.60,100.000,0.00,,, ,100.000,245.600,24560,,,,
Ｓ・Ｍ配合散 H1.300,,,,6.30,136.500,0.11,,2027/ 2,EXA2513,136.500,5.190,708,,,,
ｄｌ−メチルエフェドリン塩酸塩散１０％「マルイシ」 B,,,,7.30,50.000,0.00,,2023/11,0Y102,50.000,5.000,250,,,,
ｌ−メントール「ホエイ」 B,,,,26.90,210.000,0.07,2025/ 3/31,2027/ 6,320KKH,210.000,25.800,5418,,,,
アーチスト錠１．２５ｍｇ H,,,,10.10,134.000,0.16,,2026/ 9,CAA2083,100.000,8.490,849,,,,
,,,,,,,,2025/ 2,CAA2064,34.000,8.490,289,,,,
アイピーディカプセル１００　１００ｍｇ H,,,,16.90,164.000,-16.62,,2027/ 6,4F75A,164.000,14.670,2406,,,,
アイミクス配合錠ＬＤ H,,劇薬,,47.80,2.000,0.00,,2026/ 8,2059C,2.000,56.050,112,,2.000,,
アクアチム軟膏１％ H10.000,,,,22.10,10.000,0.67,,2025/ 4,2D87AN2,10.000,22.100,221,,,,
アクトシン軟膏３％ H30.000,,,,52.00,270.000,0.73,,2026/ 8,JX027,210.000,47.500,9975,,,,
,,,,,,,,2027/ 1,BY010,60.000,47.500,2850,,,,
アクトス錠３０　３０ｍｇ H,,,,50.60,9.000,0.00,,2024/12,HA011,9.000,58.060,523,,9.000,,
アザルフィジンＥＮ錠５００ｍｇ H,,,,29.70,689.000,0.84,,2026/ 3,KA1112,650.000,30.080,19552,,,,
,,,,,,,,2026/ 3,HT8539,39.000,30.080,1173,,,,
アジョビ皮下注２２５ｍｇオートインジェクター　１．５ｍＬ B,,,,39064.00,(1.000),-2.25,,2025/ 6,2206DAK,(1.000),34693.000,-34693,,,,
アジルサルタン錠４０ｍｇ「ニプロ」 H,,,,48.00,154.000,0.83,,2026/11,23S081,100.000,33.970,3397,,,,
,,,,,,,,2026/11,23S071,54.000,33.970,1834,,,,
アジレクト錠１ｍｇ H,,劇薬,,945.00,144.000,0.82,,2026/ 6,551149,100.000,825.770,82577,,,,
,,,,,,,,2026/ 6,551148,44.000,825.770,36334,,,,
アスコルビン酸注５００ｍｇ「イセイ」 B,,,,84.00,7.000,0.00,,, ,7.000,84.000,588,,,,
アスパラ−ＣＡ錠２００ B,,,,5.70,2315.000,0.09,,2027/ 3,G506A,1815.000,4.970,9021,,,,
,,,,,,,,2027/ 3,G507A,500.000,4.970,2485,,,,
アスピリン「ヨシダ」 B,,,,4.91,115.000,0.00,,2027/ 2,324101,100.000,13.000,1300,,,,
,,,,,,,,2025/10,A22102,15.000,13.000,195,,,,
アスペノンカプセル１０　１０ｍｇ H,,劇薬,,23.00,361.000,0.00,,2028/ 1,JP2J029,300.000,19.220,5766,,,,
,,,,,,,,2028/ 1,JP2J028,61.000,19.220,1172,,,,
アズノールうがい液４％ H10.000,,,,26.90,155.000,0.00,,2025/12,01028,125.000,24.500,3063,,,,
,,,,,,,,2026/ 9,01076,30.000,24.500,735,,,,
アセトアミノフェン「ＶＴＲＳ」原末 B,,劇薬,,7.30,4210.000,0.03,,2028/ 6,324KSM,2500.000,6.630,16575,,,,
,,,,,,,,2028/ 1,322KSS,1521.300,6.630,10086,,,,
,,,,,,,,2027/ 9,320KKR,188.700,6.630,1251,,,,
アゼルニジピン錠８ｍｇ「ＴＣＫ」 H,,,,10.10,205.000,0.26,,2027/ 2,JCDJ,100.000,9.000,900,,,,
,,,,,,,,2027/ 2,JCDK,100.000,9.000,900,,,,
,,,,,,,,2027/ 1,JBDI,5.000,9.000,45,,,,
アゾルガ配合懸濁性点眼液 H5.000,,,,273.60,35.000,0.37,,2026/ 1,VEL60A,35.000,262.020,9171,,,,
アタラックス−Ｐ散１０％ B,,,,18.40,173.600,0.32,,2028/ 6,2328001,173.600,16.960,2944,,,,
アテキュラ吸入用カプセル高用量 H,,,,171.60,1.000,0.00,,2025/ 3,P0009,1.000,171.600,172,,1.000,,
アテノロール錠５０ｍｇ「日新」 H,,,,5.90,21.000,0.00,,2025/ 3,20041A,21.000,5.310,112,,,,
アテレック錠１０　１０ｍｇ H,,,,27.10,1826.000,0.68,,2027/ 1,K976,1200.000,25.750,30900,,,,
,,,,,,,,, ,243.000,25.750,6257,,,,
,,,,,,,,2027/ 1,K975,200.000,25.750,5150,,,,
,,,,,,,,2026/11,K972,183.000,25.750,4712,,,,
アテレック錠５　５ｍｇ H,,,,16.20,183.000,0.00,,2026/ 2,F274,183.000,16.200,2965,,,,
アデホスコーワ顆粒１０％ H1.000,,,,17.10,105.000,0.00,,2026/ 9,CC3S,105.000,16.310,1713,,,,
アトラント外用液１％ H10.000,,,,26.30,20.000,0.00,,2025/ 1,20102 2,20.000,28.300,566,,20.000,,
アトルバスタチン錠１０ｍｇ「ＺＥ」 B,,,,15.80,(80.000),0.00,,2026/ 6,154J,(80.000),13.500,-1080,,,,
アトルバスタチン錠１０ｍｇ「ＺＥ」 H,,,,15.80,375.000,0.00,,2026/ 6,154J,375.000,13.500,5063,,,,
アトルバスタチン錠５ｍｇ「ＺＥ」 B,,,,10.10,(207.500),-1.16,,2026/ 8,129J,(207.500),7.000,-1453,,,,
アトルバスタチン錠５ｍｇ「ＺＥ」 H,,,,10.10,69.500,0.00,,2026/ 8,129J,69.500,7.000,487,,,,
アドナ錠３０ｍｇ H,,,,8.10,48.500,1.00,,2026/ 8,H716A,48.500,7.480,363,,,,
アニュイティ２００μｇエリプタ３０吸入用 H,,,,1806.00,4.000,0.00,,2026/ 3,T34D,4.000,1658.000,6632,,,,
アプレース錠１００ｍｇ H,,,,10.10,107.000,0.00,2025/ 3/31,2026/ 7,B003,107.000,9.420,1008,,107.000,,中央メに200錠
アポハイドローション２０％ H4.320,,,,543.70,28.800,0.00,,2025/ 9,30204,28.800,486.270,14005,,,,
アマルエット配合錠１番「ＴＣＫ」 H,,劇薬,,25.30,44.000,0.00,,2025/ 7,HGXI,44.000,16.500,726,,44.000,,
アムバロ配合錠「ＴＣＫ」 H,,劇薬,,16.90,37.000,0.00,,2025/ 5,HFDV,37.000,12.500,463,,,,
アムバロ配合錠「ＹＤ」 H,,劇薬,,16.90,100.000,0.00,,2026/ 6,Y23G02,100.000,17.100,1710,,,,
アムロジンＯＤ錠５ｍｇ H,,劇薬,,15.20,177.000,0.00,,2027/ 2,4104C,100.000,15.120,1512,,,,
,,,,,,,,2026/12,4100C,77.000,15.120,1164,,,,
アモキシシリン細粒２０％「ＴＣＫ」　２００ｍｇ B,,,,11.80,395.300,0.82,,2026/ 5,JFSJ,295.300,9.900,2923,,,,
,,,,,,,,2026/ 8,JISM,100.000,9.900,990,,,,
アモバン錠７．５　７．５ｍｇ H,,向精神薬,,12.30,78.000,0.35,,2026/ 1,3K436A,78.000,11.450,893,,,,
アリセプトＤ錠５ｍｇ H,,劇薬,,87.00,380.000,0.22,,2027/ 1,243B93S,280.000,99.580,27882,,,,
,,,,,,,,2026/12,242B74S,100.000,99.580,9958,,,,
アリピプラゾール散１％「アメル」 B,,劇薬,,19.30,66.000,0.45,,2026/ 3,2301,66.000,18.330,1210,,,,
アルサルミン細粒９０％ B,,,,6.50,424.700,0.47,,2029/ 4,404020,424.700,5.650,2400,,,,
アルサルミン内用液１０％ H10.000,,,,2.00,600.000,0.00,,2025/ 3,203810,600.000,1.960,1176,,600.000,,
アルダクトンＡ細粒１０％ B,,,,56.50,75.000,0.27,,2028/ 7,HP9799,75.000,54.560,4092,,,,
アルダクトンＡ錠２５ｍｇ H,,,,14.50,112.000,0.29,,2029/ 1,LG0157,100.000,13.500,1350,,,,
,,,,,,,,2028/ 9,HR9954,12.000,13.500,162,,,,
アルピニー坐剤１００　１００ｍｇ H,,,,19.70,1.000,0.00,,2025/11,20212,1.000,17.550,18,,1.000,,
アルピニー坐剤２００　２００ｍｇ H,,,,20.30,4.000,0.00,,2025/10,20111,4.000,17.880,72,,4.000,,
アルファカルシドールカプセル０．２５μｇ「サワイ」 H,,劇薬,,5.90,1.000,0.00,,2025/ 9,X22502,1.000,5.410,5,,,,
アルファカルシドールカプセル１μｇ「トーワ」 H,,劇薬,,5.90,419.000,0.38,,2025/ 8,D0163,419.000,4.880,2045,,,,
アルファロールカプセル０．２５μｇ H,,劇薬,,7.90,302.000,0.19,,2028/ 6,23F510Z,200.000,7.500,1500,,,,
,,,,,,,,2028/ 5,23E520Z,100.000,7.500,750,,,,
,,,,,,,,2028/ 3,23C510Z,2.000,7.500,15,,,,
アレグラ錠３０ｍｇ H,,,,24.30,266.000,0.46,,2026/12,4K343A,200.000,22.730,4546,,,,
,,,,,,,,2026/ 8,3K342A,66.000,22.730,1500,,,,
アレサガテープ４ｍｇ H1.000,,,,56.70,63.000,0.00,,2027/ 1,B204T,63.000,54.540,3436,,,,
アレジオン点眼液０．０５％ H5.000,,,,226.20,55.000,0.21,,2026/11,AE1313,55.000,223.420,12288,,,,
アレビアチン散１０％ B,,劇薬,,12.10,556.100,0.61,,2026/11,5190C,500.000,10.770,5385,,,,
,,,,,,,,2026/ 9,5182C,56.100,10.770,604,,,,
アレロック錠５　５ｍｇ H,,,,24.30,45.000,0.00,,2027/ 1,472ADA,45.000,23.170,1043,,,,
アローゼン顆粒 B,,,,6.50,123.500,0.10,,2025/ 9,2209002,100.000,5.800,580,,,,
,,,,,,,,2025/ 5,2205001,23.500,5.800,136,,,,
アロプリノール錠５０ｍｇ「杏林」 H,,,,10.10,19.000,0.00,,2026/ 2,E001,19.000,5.200,99,,,,
アンテベートクリーム０．０５％ H5.000,,劇薬,,18.90,20.000,0.00,,2027/ 2,ABB02K,20.000,16.820,336,,,,
アンテベート軟膏０．０５％ H10.000,,劇薬,,18.90,20.000,0.00,,2026/ 8,ACH05N,20.000,16.820,336,,,,
イーケプラ錠２５０ｍｇ H,,,,76.10,371.000,0.35,,2026/ 7,392001,371.000,69.290,25707,,,,
イオウ B,,,,1.17,375.000,0.03,,2025/ 7,BG-01,375.000,1.080,405,,,,
イスコチン錠１００ｍｇ H,,,,9.80,189.500,0.65,,2028/ 3,CJB0331,100.000,8.660,866,,,,
,,,,,,,,2028/ 3,CJA0333,89.500,8.660,775,,,,
イソジンガーグル液７％ H30.000,,,,3.10,2460.000,0.02,,2026/ 3,AAD401,2460.000,2.760,6790,,,,
イソバイドシロップ７０％ B,,,,2.90,400.000,0.00,,2025/ 7,ST2M,400.000,3.900,1560,,,,
イソプロパノール消毒液７０％「カネイチ」 B,,,,0.50,500.000,0.00,,2027/ 5,45202,500.000,0.400,200,,,,
イトラコナゾール錠５０ｍｇ「日医工」 H,,,,98.30,56.000,0.00,,2024/11,LN2601,56.000,80.000,4480,,,,
イトリゾールカプセル５０　５０ｍｇ H,,,,134.70,214.000,0.00,,2025/ 3,A0056,100.000,145.920,14592,,,,
,,,,,,,,2025/ 3,A0052,72.000,145.920,10506,,,,
,,,,,,,,2025/10,A0063,42.000,145.920,6129,,,,
イルアミクス配合錠ＨＤ「ＤＳＰＢ」 H,,劇薬,,22.70,98.000,0.73,,2027/ 1,1249C,98.000,19.650,1926,,,,
イルアミクス配合錠ＨＤ「ＹＤ」 H,,劇薬,,15.60,13.000,0.00,,2025/ 8,Y22N01,13.000,15.600,203,,13.000,,
イルソグラジンマレイン酸塩錠２ｍｇ「日医工」 B,,,,9.90,11.000,0.00,,, ,11.000,5.950,65,,,,
イルトラ配合錠ＨＤ H,,,,71.90,208.000,0.00,,2026/ 3,0128,100.000,103.340,10334,,100.000,,
,,,,,,,,2026/ 3,0129,100.000,103.340,10334,,100.000,,
,,,,,,,,2026/ 3,0127,8.000,103.340,827,,,,
イルトラ配合錠ＬＤ H,,,,47.90,101.000,0.63,,2026/12,0157,100.000,68.460,6846,,,,
,,,,,,,,2026/ 6,0152,1.000,68.460,68,,,,
インチュニブ錠３ｍｇ H,,劇薬,,527.20,161.000,0.47,,2026/ 9,559636,100.000,460.720,46072,,,,
,,,,,,,,2026/ 8,0170,61.000,460.720,28104,,,,
インテバン外用液１％ H50.000,,,,3.70,150.000,0.00,,2024/ 7,81021,150.000,4.300,645,,,,
インテバン軟膏１％ H25.000,,,,3.70,100.000,0.00,,2025/ 6,72211,100.000,3.700,370,,100.000,,
インデラル錠１０ｍｇ H,,劇薬,,10.10,602.000,0.82,,2026/ 3,03930,500.000,8.720,4360,,,,
,,,,,,,,2026/ 4,04130,86.000,8.720,750,,,,
,,,,,,,,2026/ 1,03730,16.000,8.720,140,,,,
インライタ錠５ｍｇ H,,劇薬,,6910.00,2.000,0.00,,2025/ 1,GE5236,2.000,6362.300,12725,,,,
ウプトラビ錠０．２ｍｇ H,,,,1460.30,2.000,0.00,,2026/ 1,1110D01,2.000,1301.000,2602,,2.000,,
ウラリット配合錠 H,,,,7.00,1149.000,0.98,,2026/10,2053,500.000,6.160,3080,,,,
,,,,,,,,2026/12,0114,500.000,6.160,3080,,,,
,,,,,,,,2026/ 9,1833,149.000,6.160,918,,,,
ウリアデック錠４０ｍｇ H,,,,29.10,282.000,0.00,,2025/ 5,KV00501,100.000,27.580,2758,,,,
,,,,,,,,2025/11,KV01001,100.000,27.580,2758,,,,
,,,,,,,,2025/ 8,KV00801,50.000,27.580,1379,,,,
,,,,,,,,2025/ 5,KV00601,22.000,27.580,607,,,,
,,,,,,,,2026/11,KX01001,10.000,27.580,276,,,,
ウリアデック錠６０ｍｇ H,,,,42.80,126.000,0.00,,2026/ 4,KX00101,126.000,38.950,4908,,126.000,,
ウルソ錠５０ｍｇ H,,,,9.00,17.000,0.00,,2025/ 8,E254TA,17.000,9.000,153,,,,
ウロカルン錠２２５ｍｇ H,,,,5.90,(12.000),-1.08,,2026/ 9,266001,(12.000),5.500,-66,,,,
エイベリス点眼液０．００２％ H2.500,,劇薬,,831.10,25.000,0.00,,2026/ 9,ET0081,12.500,764.560,9557,,,,
,,,,,,,,2026/ 5,ET0069,7.000,764.560,5352,,,,
,,,,,,,,, ,5.500,764.560,4205,,,,
エクメット配合錠ＨＤ B,,劇薬,,50.20,12.000,-15.85,,2027/ 1,P2305,12.000,46.540,558,,,,
エスクレ坐剤「５００」　５００ｍｇ H,,,,58.50,94.000,0.79,,2026/ 8,30109,94.000,52.000,4888,,,,
エスゾピクロン錠２ｍｇ「ＹＤ」 H,,,,14.40,119.000,0.84,,2027/ 1,Y24B02,100.000,14.500,1450,,,,
,,,,,,,,2026/11,Y23L01,19.000,14.500,276,,,,
エストラーナテープ０．７２ｍｇ　９ｃｍ２ H1.000,,,,79.30,96.000,0.65,,2026/12,B714T,70.000,72.000,5040,,,,
,,,,,,,,2026/ 4,AB03T,24.000,72.000,1728,,,,
,,,,,,,,2026/ 3,AA11T,2.000,72.000,144,,,,
エストリール錠０．５ｍｇ H,,,,11.20,86.000,0.00,,2026/12,B151,86.000,10.380,893,,,,
エストリール腟錠０．５ｍｇ H,,,,16.80,93.000,0.00,,2026/ 6,906,93.000,15.160,1410,,,,
エタノール「ケンエー」 B,,,,2.97,1250.000,0.24,,2025/11,3C01,1250.000,2.700,3375,,,,
エテンザミド「ヨシダ」 B,,,,11.70,410.000,0.00,,2026/ 9,023401,410.000,7.600,3116,,,,
エディロールカプセル０．７５μｇ H,,劇薬,,46.50,108.000,0.49,,2026/12,24A620Z,100.000,42.650,4265,,,,
,,,,,,,,2026/10,23K760Z,8.000,42.650,341,,,,
エナジア吸入用カプセル高用量 H,,,,331.50,7.000,0.00,,2025/10,P0024B,7.000,290.860,2036,,7.000,,
エナラプリルマレイン酸塩錠２．５ｍｇ「トーワ」 H,,,,10.10,300.000,0.00,,, ,300.000,0.000,0,,,,
エバステルＯＤ錠１０ｍｇ H,,,,48.70,18.000,0.00,,2025/10,2454C,18.000,50.290,905,,18.000,,
エバステルＯＤ錠５ｍｇ H,,,,38.00,162.000,0.00,,2025/ 6,2108C,100.000,43.200,4320,,,,
,,,,,,,,2025/ 6,2109C,62.000,43.200,2678,,,,
エビリファイ錠３ｍｇ H,,劇薬,,38.40,209.000,0.32,,2027/ 1,4A95YC2,100.000,33.520,3352,,,,
,,,,,,,,2027/ 7,4G92YC1,100.000,33.520,3352,,,,
,,,,,,,,2027/ 1,4A95YC1,9.000,33.520,302,,,,
エビリファイ錠６ｍｇ H,,劇薬,,73.50,80.500,0.91,,2026/ 4,3D96YB1,80.500,64.050,5156,,,,
エビリファイ内用液０．１％ H1.000,,劇薬,,37.40,109.000,0.28,,2025/12,3L82YL1,84.000,32.860,2760,,,,
,,,,,,,,2025/12,3L80YL1,25.000,32.860,822,,,,
エビリファイ内用液０．１％ H3.000,,劇薬,,37.40,42.000,0.00,,2026/ 5,3E98YL1,42.000,35.500,1491,,,,
エピデュオゲル　H15.000,,劇薬,,108.40,135.000,0.00,,2026/ 2,4C71001,135.000,101.730,13734,,,,
エピレオプチマル散５０％ B,,,,27.90,195.000,0.52,,2027/ 1,243A89S,195.000,26.100,5090,,,,
エプレレノン錠２５ｍｇ「杏林」 H,,,,11.70,223.000,0.88,,2027/ 4,F007,100.000,10.460,1046,,,,
,,,,,,,,2027/ 6,F010,100.000,10.460,1046,,,,
,,,,,,,,2027/ 1,F006,23.000,10.460,241,,,,
エリキュース錠２．５ｍｇ B,,,,117.50,130.000,-15.95,,2026/11,ACS1185,130.000,99.020,12873,,,,
エリスロシンドライシロップ１０％　１００ｍｇ B,,,,18.90,27.400,0.00,,2028/ 5,36592YQ3,27.400,11.230,308,,,,
エリスロシンドライシロップ１０％　１００ｍｇ H1.000,,,,18.90,(52.000),0.00,,, ,(52.000),0.000,0,,,,
エルデカルシトールカプセル０．７５μｇ「サワイ」 H,,劇薬,,19.90,(10.000),0.00,,, ,(10.000),29.600,-296,,,,
エルデカルシトールカプセル０．７５μｇ「トーワ」 H,,劇薬,,20.70,130.000,0.72,,2027/ 3,D0621,100.000,15.530,1553,,,,
,,,,,,,,2027/ 3,D0614,30.000,15.530,466,,,,
エンレスト錠１００ｍｇ B,,,,97.20,266.000,-64.35,,2027/ 2,P0183B,266.000,85.830,22831,,,,
オースギ安中散料エキスＴ錠 H3.000,,,,5.70,315.000,0.00,,2027/ 4,E6095M,315.000,5.080,1600,,,,
オースギ黄連解毒湯エキスＧ H1.500,,,,13.60,3.000,0.00,,2024/12,Z0592M,3.000,13.900,42,,,,
オースギ加味帰脾湯エキスＧ H4.000,,,,11.30,120.000,0.00,,2026/11,D0689M,120.000,10.240,1229,,120.000,,
オースギ桂枝茯苓丸料エキスＧ H1.500,,,,18.20,139.500,0.00,,2025/10, A0543M,90.000,11.000,990,,,,
,,,,,,,,, ,49.500,11.000,545,,,,
オースギ人参湯エキスＧ H2.000,,,,11.60,588.000,0.00,,2025/ 8,C0464,588.000,11.700,6880,,588.000,,
オースギ半夏厚朴湯エキスＧ H1.000,,,,33.30,84.000,0.00,,2027/ 3,E0153M,84.000,30.260,2542,,,,
オースギ麻杏甘石湯エキスＧ H1.500,,,,11.90,96.000,0.00,,2025/ 4,A0176M,96.000,7.400,710,,96.000,,
オイラックスクリーム１０％ B,,,,5.81,750.000,0.00,,2028/ 4,30291A,750.000,5.100,3825,,,,
オキシコドン徐放錠５ｍｇ「第一三共」 H,,麻薬,,97.00,7.000,0.00,2022/ 3/31,, ,7.000,97.000,679,,,,
オキシコンチンＴＲ錠１０ｍｇ H,,麻薬,,233.60,72.000,0.00,,2026/ 9,W5969,72.000,208.110,14984,,,,
オキシコンチンＴＲ錠２０ｍｇ H,,麻薬,,433.70,72.000,0.00,,2026/ 9,W5971,72.000,394.270,28387,,,,
オキナゾール腟錠１００ｍｇ H,,,,46.60,66.000,0.00,,2025/ 3,G043,66.000,44.580,2942,,66.000,,
オキナゾール腟錠６００ｍｇ H,,,,279.20,2.000,0.38,,, ,2.000,290.330,581,,,,
オキノーム散５ｍｇ H,,麻薬,,111.20,40.000,0.97,,2029/ 4,W6038,30.000,114.200,3426,,,,
,,,,,,,,2028/10,W5992,10.000,114.200,1142,,,,
オスバン消毒液１０％ B,,,,0.67,482.500,0.02,,2028/ 9,DK23A,482.500,0.610,294,,,,
オノンドライシロップ１０％ B,,,,38.90,39.000,0.11,,2026/ 8,2308TO,39.000,36.740,1433,,,,
オフロキサシンゲル化点眼液０．３％「わかもと」 H5.000,,,,32.40,25.000,0.00,,2025/11,2Y05,25.000,31.800,795,,,,
オフロキサシン点眼液０．３％「杏林」 H5.000,,,,32.40,25.000,0.00,,2026/ 9,E006,25.000,24.200,605,,,,
オプソ内服液５ｍｇ　２．５ｍＬ H,,麻薬,,171.80,(10.000),0.00,,, ,(10.000),100.650,-1007,,,,
オランザピンＯＤ錠５ｍｇ「明治」 H,,劇薬,,18.90,63.000,0.00,,2025/ 2,02302,63.000,19.130,1205,,,,
オランザピン錠５ｍｇ「明治」 H,,劇薬,,18.90,6.000,0.00,,2025/ 7,02202,6.000,18.900,113,,6.000,,
オリブ油「ケンエー」 H25.000,,,,2.80,25.000,0.00,,2025/ 9,3A01,25.000,15.480,387,,,,
オルベスコ２００μｇインヘラー５６吸入用　１１．２ｍｇ３．３ｇ H,,,,1201.90,1.000,0.83,,2026/ 9,6433,1.000,1444.000,1444,,,,
オルメサルタンＯＤ錠１０ｍｇ「ニプロ」 H,,,,10.10,(4.000),0.00,,2026/ 2,23G031,(4.000),7.070,-28,,,,
オルメサルタンＯＤ錠２０ｍｇ「ニプロ」 B,,,,10.30,(494.500),0.00,,2026/ 2,23G031,(494.500),7.990,-3951,,,,
オルメサルタンＯＤ錠２０ｍｇ「ニプロ」 H,,,,10.30,539.500,0.00,,2026/ 4,23J131,539.500,7.990,4311,,,,
オングリザ錠５ｍｇ H,,,,80.50,182.000,0.86,,2026/ 9,24602B,100.000,64.280,6428,,,,
,,,,,,,,2026/ 4,23Y04B,82.000,64.280,5271,,,,
カデュエット配合錠３番 H,,劇薬,,53.70,7.000,0.00,,2025/ 7,HA3145,7.000,59.650,418,,7.000,,
カフェイン水和物原末「マルイシ」 B,,劇薬,,9.70,(4.000),0.00,,2026/ 7,37142,(4.000),24.800,-99,,,,
カプトリル錠１２．５ｍｇ H,,,,9.20,195.000,0.00,,2025/ 5,GED3004,195.000,9.200,1794,,,,
カムシア配合錠ＨＤ「サンド」 H,,劇薬,,23.10,144.000,0.97,,2026/11,23L140,100.000,18.950,1895,,,,
,,,,,,,,2026/11,23L110,44.000,18.950,834,,,,
カラミンローション（丸石） B,,,,1.07,500.000,0.42,,2026/ 6,36282,500.000,1.020,510,,,,
カリメート経口液２０％　２５ｇ H,,,,77.80,133.000,0.00,,2026/ 4,TD34,133.000,64.130,8529,,126.000,,
カルグート錠５　５ｍｇ H,,,,21.50,(190.000),0.00,,2024/11,F022A,(190.000),25.800,-4902,,,,
カルシトリオールカプセル０．２５μｇ「サワイ」 H,,劇薬,,5.90,1.000,0.00,,2026/ 6,X23601,1.000,5.100,5,,1.000,,
カルシトリオールカプセル０．５μｇ「サワイ」 H,,劇薬,,8.30,5.000,0.00,,2026/ 7,X23601,5.000,7.500,38,,,,
カルナクリン錠５０　５０単位 H,,,,13.50,658.000,0.45,,2026/ 8,FY04301,200.000,12.340,2468,,,,
,,,,,,,,2027/ 1,FY06701,200.000,12.340,2468,,,,
,,,,,,,,2026/11,FY06401,100.000,12.340,1234,,,,
,,,,,,,,2026/ 8,FY04501,91.000,12.340,1123,,,,
,,,,,,,,2026/ 8,FY04401,67.000,12.340,827,,,,
カルバゾクロムスルホン酸ナトリウム錠３０ｍｇ「日医工」 H,,,,5.90,6.000,0.64,,2025/ 9,II0801,6.000,4.700,28,,,,
カルブロック錠１６ｍｇ H,,,,30.30,43.000,0.00,,2026/12,GGA2420,43.000,28.610,1230,,,,
カルブロック錠８ｍｇ H,,,,15.80,2.000,0.00,,2025/ 9,GHA2141,2.000,15.790,32,,,,
カロナール坐剤４００　４００ｍｇ H,,劇薬,,50.40,55.000,0.00,,2027/ 1,4107K,50.000,44.900,2245,,,,
,,,,,,,,2026/ 6,3100P,5.000,44.900,225,,,,
カロナール細粒２０％ B,,劇薬,,12.20,553.000,0.31,,2027/ 5,4204A,100.000,10.750,1075,,,,
,,,,,,,,2027/ 4,4194N,100.000,10.750,1075,,,,
,,,,,,,,2027/ 1,4137K,100.000,10.750,1075,,,,
,,,,,,,,2027/ 1,4148K,100.000,10.750,1075,,,,
,,,,,,,,2027/ 4,4184N,100.000,10.750,1075,,,,
,,,,,,,,2026/ 9,3086S,53.000,10.750,570,,,,
カロナール細粒２０％ H1.000,,,,12.20,72.950,0.00,,, ,72.950,8.930,651,,,,
カンデサルタン錠４ｍｇ「ＴＣＫ」 H,,,,10.10,(12.000),-13.46,,2026/11,ILDZ,(12.000),7.000,-84,,,,
ガスターＤ錠２０ｍｇ H,,,,15.20,97.000,0.47,,2026/11,23032T1,97.000,14.870,1442,,,,
ガスター散１０％ B,,,,68.00,49.600,0.74,,2026/11,23001T1,49.600,82.700,4102,,,,
ガスロンＮ錠４ｍｇ H,,,,13.60,71.000,0.00,,2026/ 7,166201,71.000,16.310,1158,,,,
ガチフロ点眼液０．３％ H5.000,,,,74.40,35.000,0.30,,2027/ 4,G517,25.000,69.720,1743,,,,
,,,,,,,,2026/11,E506,10.000,69.720,697,,,,
ガランタミンＯＤ錠１２ｍｇ「アメル」 H,,劇薬,,40.50,95.000,0.00,,2026/ 5,2302,95.000,36.500,3468,,,,
ガランタミンＯＤ錠８ｍｇ「アメル」 H,,劇薬,,26.60,414.000,0.46,,2027/ 3,2310,140.000,26.000,3640,,,,
,,,,,,,,2027/ 3,2402,140.000,26.000,3640,,,,
,,,,,,,,2027/ 1,2308,134.000,26.000,3484,,,,
キサラタン点眼液０．００５％ H2.500,,,,354.40,7.500,0.82,,2026/ 5,HR9961,7.500,347.560,2607,,,,
キシロカインビスカス２％ B,,劇薬,,5.30,(100.000),0.00,,, ,(100.000),5.500,-550,,,,
キョウニン水「マルイシ」 B,,劇薬,,1.73,179.000,0.19,,2026/10,3X252,179.000,1.510,270,,,,
クアゼパム錠２０ｍｇ「アメル」 H,,向精神薬,,28.90,84.000,0.00,,2025/ 7,2205,84.000,28.000,2352,,,,
クエチアピン細粒５０％「アメル」 B,,劇薬,,145.30,89.500,0.14,,2026/10,2312,89.500,115.000,10293,,,,
クエチアピン錠２５ｍｇ「サンド」 H,,劇薬,,10.10,222.000,0.95,,2025/11,P0045,222.000,8.270,1836,,,,
クエン酸第一鉄Ｎａ錠５０ｍｇ「サワイ」　鉄５０ｍｇ B,,,,6.20,(239.000),-8.17,,2027/ 7,724625,(239.000),5.640,-1348,,,,
クエン酸第一鉄Ｎａ錠５０ｍｇ「サワイ」　鉄５０ｍｇ H,,,,6.20,2153.000,0.33,,2027/ 6,724606,1000.000,5.640,5640,,,,
,,,,,,,,2027/ 6,724526,1000.000,5.640,5640,,,,
,,,,,,,,2027/ 3,724303,153.000,5.640,863,,,,
クラビット点眼液０．５％ H5.000,,,,60.50,35.000,0.94,,2026/11,CV3213,35.000,64.320,2251,,,,
クラリスドライシロップ１０％小児用　１００ｍｇ H0.500,,,,85.30,29.000,0.00,,, ,29.000,85.300,2474,,,,
クラリスロマイシンＤＳ小児用１０％「タカタ」　１００ｍｇ B,,,,57.90,(12.750),0.00,,2026/10,Z060,(12.750),52.630,-671,,,,
クレストールＯＤ錠２．５ｍｇ H,,,,21.30,130.000,0.44,,2026/11,44330,130.000,20.740,2696,,,,
クレマスチンＤＳ０．１％「タカタ」 B,,劇薬,,11.10,227.300,0.13,,2025/ 3,Y009,217.500,12.330,2682,,,,
,,,,,,,,2026/ 5,Z018,5.000,12.330,62,,,,
,,,,,,,,2026/ 2,Z006,4.800,12.330,59,,,,
クレマスチンシロップ０．０１％「日医工」 B,,劇薬,,1.28,230.000,0.29,,2025/ 8,H00300,230.000,1.180,271,,,,
クレメジンカプセル２００ｍｇ H,,,,11.00,832.000,0.98,,2027/ 2,4301,832.000,10.640,8852,,,,
クレンブテロール錠１０μｇ「ハラサワ」 H,,,,5.80,300.000,0.00,,2027/ 2,D404,300.000,5.160,1548,,,,
クロベタゾールプロピオン酸エステル軟膏０．０５％「ＭＹＫ」 B,,劇薬,,11.70,860.000,0.10,,2028/ 3,AJ302,860.000,7.340,6312,,,,
クロベタゾールプロピオン酸エステル軟膏０．０５％「イワキ」 B,,劇薬,,11.70,440.000,0.56,,2027/ 3,44M34,440.000,10.420,4585,,,,
クロベタゾールプロピオン酸エステル軟膏０．０５％「イワキ」 H5.000,,劇薬,,11.70,170.000,0.00,,2027/ 2,43M05,100.000,10.440,1044,,,,
,,,,,,,,2025/ 4,25M08,50.000,10.440,522,,,,
,,,,,,,,2025/ 1,22M16,20.000,10.440,209,,,,
クロモグリク酸Ｎａ点眼液２％「ニッテン」　１００ｍｇ５ｍＬ H,,,,201.70,14.000,0.14,,2027/ 3,L24391,10.000,187.100,1871,,,,
,,,,,,,,2026/11,L23CA9,4.000,187.100,748,,,,
クロラムフェニコール腟錠１００ｍｇ「Ｆ」 H,,,,71.70,60.000,0.00,,2025/11,DL22A,60.000,65.150,3909,,12.000,,48錠は中央
グラクティブ錠５０ｍｇ H,,,,113.80,146.000,0.76,,2026/ 1,2441FD,100.000,96.560,9656,,,,
,,,,,,,,2026/ 5,2345FE,37.000,96.560,3573,,,,
,,,,,,,,2025/11,2351FA,9.000,96.560,869,,,,
グラセプターカプセル１ｍｇ H,,劇薬,,557.80,137.000,0.66,,2026/11,031210,100.000,486.810,48681,,,,
,,,,,,,,2026/ 8,031140,37.000,486.810,18012,,,,
グラナテック点眼液０．４％ H5.000,,,,449.40,5.000,0.00,,2026/ 3,UF3A,5.000,383.560,1918,,,,
グリセリン H60.000,,,,0.87,120.000,0.00,,, ,120.000,0.910,109,,,,
グリセリン　シオエ B,,,,1.31,470.000,0.17,,2026/ 4,217701,470.000,1.170,550,,,,
グリセリン浣腸「オヲタ」小児用３０　５０％３０ｍＬ H,,,,102.80,25.000,0.29,,2026/ 6,2LE,25.000,63.500,1588,,,,
グリセリン浣腸液５０％「ケンエー」　６０ｍＬ H,,,,131.70,(10.000),0.00,,, ,(10.000),0.000,0,,,,
グリセリン浣腸液５０％「ムネ」１２０ｍＬ H,,,,151.30,57.000,0.72,,2027/ 6,46185,20.000,130.300,2606,,,,
,,,,,,,,2027/ 5,45142,20.000,130.300,2606,,,,
,,,,,,,,2025/11,2Y221,8.000,130.300,1042,,,,
,,,,,,,,2027/ 4,44117,7.000,130.300,912,,,,
,,,,,,,,2026/ 1,31271,2.000,130.300,261,,,,
グリセリン浣腸液５０％「ムネ」１５０ｍＬ H,,,,180.30,14.000,0.00,,2025/ 7,27191,10.000,147.200,1472,,10.000,,
,,,,,,,,2024/ 9,19081,4.000,147.200,589,,,,
グリチロン配合錠 H,,,,5.70,1516.500,0.71,,2026/ 5,23069,1180.500,5.000,5903,,,,
,,,,,,,,2026/ 5,23071,336.000,5.000,1680,,,,
グリミクロン錠４０ｍｇ H,,劇薬,,10.20,268.000,0.41,,2025/12,2132C,168.000,9.720,1633,,,,
,,,,,,,,2026/11,2133C,100.000,9.720,972,,,,
ケイキサレート散 H5.000,,,,10.00,28.000,0.00,,2025/10,KFJ554,28.000,14.600,409,,28.000,,
ケトチフェンＰＦ点眼液０．０５％「日点」　３．４５ｍｇ５ｍＬ H,,,,170.60,9.000,0.42,,2027/ 1,L241AK,9.000,161.300,1452,,,,
ケトチフェンドライシロップ０．１％「ＮＩＧ」 B,,,,6.50,236.000,0.91,,2027/ 1,GP0407,136.000,5.720,778,,,,
,,,,,,,,2027/ 4,GS0055,100.000,5.720,572,,,,
ケトプロフェンパップ３０ｍｇ「日医工」　１０ｃｍ×１４ｃｍ H7.000,,,,11.90,(14.000),0.00,,, ,(14.000),11.900,-167,,,,
ケフラールカプセル２５０ｍｇ H,,,,54.70,24.000,0.19,,2025/12,5641,24.000,49.230,1182,,,,
ケフラール細粒小児用１００ｍｇ B,,,,44.30,8.600,0.22,,2025/ 1,6233,8.600,39.870,343,,,,
ゲンチアナ末「ケンエー」 B,,,,3.31,235.000,0.00,,2023/11,9C01,235.000,3.310,778,,,,
コールタイジン点鼻液 H15.000,,,,7.90,30.000,0.00,,2026/ 9,Y23P02,30.000,7.270,218,,,,
コスパノン錠８０ｍｇ H,,,,7.60,37.000,0.00,,2026/ 3,35A17P,37.000,7.240,268,,,,
コタロー甘麦大棗湯エキス細粒 B,,,,9.80,587.600,0.00,,2026/12,YR313,587.600,8.910,5236,,,,
コタロー桂枝加竜骨牡蛎湯エキス細粒 H2.500,,,,10.70,432.500,0.00,,2026/ 6,YP930,432.500,6.250,2703,,,,
コタロー桂枝加芍薬湯エキス細粒 H2.500,,,,6.50,767.500,0.40,,2027/ 5,YR685,767.500,5.700,4375,,,,
コタロー桂枝湯エキス細粒 H2.000,,,,12.60,918.000,0.00,,2025/ 5,YN731,606.000,7.400,4484,,606.000,,
,,,,,,,,2025/ 5,YN730,252.000,7.400,1865,,252.000,,
,,,,,,,,2025/ 5,YN732,60.000,7.400,444,,,,
コタロー香蘇散エキス細粒 B,,,,10.70,642.000,0.00,,2025/ 1,YN464,642.000,6.350,4077,,,,
コタロー香蘇散エキス細粒 H2.000,,,,10.70,(448.000),-1.30,,2024/11,YN271,(448.000),6.420,-2876,,,,
コタロー四物湯エキス細粒 H2.000,,,,12.10,130.000,0.00,,2025/ 5,YN919,130.000,7.210,937,,,,
コタロー小建中湯エキス細粒 B,,,,4.40,480.000,0.11,,2025/ 9,YP121,480.000,3.870,1858,,,,
コタロー小柴胡湯エキス細粒 H2.500,,,,23.10,847.500,0.99,,2027/ 2,YR412,847.500,20.400,17289,,,,
コタロー消風散エキス細粒 H3.000,,,,7.50,168.000,0.00,,2025/ 7,YN985,168.000,6.820,1146,,,,
コタロー大柴胡湯エキス細粒 H3.000,,,,14.70,1308.000,0.00,,2026/11,YR199,1008.000,12.940,13044,,"1,008.000",,
,,,,,,,,2026/ 4,YP757,300.000,12.940,3882,,300.000,,
コタロー当帰芍薬散料エキス細粒 H3.000,,,,9.50,504.000,0.00,,2026/11,YR262,504.000,8.630,4350,,,,
コタロー排膿散及湯エキス細粒 H2.500,,,,9.60,448.800,0.88,,2027/ 5,YR687,448.800,8.720,3914,,,,
コタロー麻杏甘石湯エキス細粒 H2.000,,,,12.60,1108.500,0.19,,2026/ 2,YP463,864.000,7.490,6471,,,,
,,,,,,,,2026/ 8,YR049,156.000,7.490,1168,,,,
,,,,,,,,2026/ 2,YP464,84.000,7.490,629,,,,
,,,,,,,,2025/ 9,YP131,4.500,7.490,34,,,,
コタロー麻黄湯エキス細粒 H2.000,,,,11.00,1402.000,0.00,,2026/11,YR275,1386.000,10.000,13860,,,,
,,,,,,,,2026/ 5,YP780,16.000,10.000,160,,,,
コタロー麻子仁丸料エキス細粒 H2.000,,,,12.90,52.000,0.00,,2027/ 3,YR515,52.000,11.730,610,,,,
コタロー抑肝散加陳皮半夏エキス細粒 H3.000,,,,9.40,1371.000,0.47,,2027/ 5,YR683,504.000,8.560,4314,,,,
,,,,,,,,2026/12,YR289,504.000,8.560,4314,,,,
,,,,,,,,2027/ 7,YR826,252.000,8.560,2157,,,,
,,,,,,,,2026/ 8,YR023,111.000,8.560,950,,,,
コタロー竜胆瀉肝湯エキス細粒 H3.000,,,,11.00,858.000,0.00,,2026/ 5,YP823,504.000,6.630,3342,,,,
,,,,,,,,2026/ 2,YP542,354.000,6.630,2347,,,,
コタロー芍薬甘草湯エキス細粒 H2.000,,,,9.00,742.000,0.59,,2026/ 7,YP956,462.000,7.910,3654,,,,
,,,,,,,,2026/ 6,YP896,280.000,7.910,2215,,,,
コニール錠２　２ｍｇ H,,劇薬,,13.90,319.000,0.74,,2026/ 5,565ACE,200.000,11.230,2246,,,,
,,,,,,,,2026/ 2,560ACB,100.000,11.230,1123,,,,
,,,,,,,,2025/ 2,553ABB,19.000,11.230,213,,,,
コランチル配合顆粒 H1.000,,,,6.30,32.000,0.00,2025/ 3/31,2025/ 6,2211,25.000,5.670,142,,25.000,,
,,,,,,,,2024/12, 2130,7.000,5.670,40,,7.000,,
コンサータ錠１８ｍｇ H,,向精神薬,,235.80,76.000,0.71,,2025/12,A0209,76.000,292.870,22258,,,,
コンサータ錠２７ｍｇ H,,向精神薬,,261.90,(165.000),-15.50,,2026/ 4,A0223,(165.000),324.520,-53546,,,,
コンスタン０．４ｍｇ錠 H,,向精神薬,,5.90,89.000,0.00,,2028/ 5,JF021,89.000,4.970,442,,,,
コントミン糖衣錠２５ｍｇ H,,,,9.40,143.000,0.54,,2026/11,H212,100.000,7.900,790,,,,
,,,,,,,,2026/10,H209,43.000,7.900,340,,,,
サーティカン錠０．２５ｍｇ H,,劇薬,,334.30,308.000,1.00,,2026/10,P0181,300.000,277.480,83244,,,,
,,,,,,,,2026/ 8,P0178,8.000,277.480,2220,,,,
サイレース錠１ｍｇ H,,向精神薬,,8.40,100.000,0.00,,2026/ 5,37R64F,100.000,8.000,800,,,,
サムチレール内用懸濁液１５％　７５０ｍｇ５ｍＬ H,,,,1471.10,(16.000),-24.77,,2025/ 8,3C2X,(16.000),1337.290,-21397,,,,
サリパラ液 B,,,,1.39,3.000,0.00,,2026/ 3,33222,3.000,1.360,4,,,,
サルポグレラート塩酸塩錠１００ｍｇ「テバ」 H,,,,30.90,278.000,0.00,,2026/ 4,GG0099,278.000,29.220,8123,,,,
サワシリン錠２５０　２５０ｍｇ H,,,,15.30,(21.000),0.00,,, ,(21.000),11.100,-233,,,,
サンテゾーン点眼液（０．０２％） H5.000,,,,17.90,10.000,0.00,,2024/11, DM0726,10.000,0.000,0,,,,
サンテゾーン点眼液（０．１％） H5.000,,,,36.70,5.000,0.00,,2025/ 6,1DM0448,5.000,38.700,194,,5.000,,
ザイザル錠５ｍｇ H,,,,48.90,321.000,0.17,,2028/ 9,GS3T,321.000,46.800,15023,,,,
ザイロリック錠１００　１００ｍｇ H,,,,12.20,2.000,0.00,,2024/11,7R5W,2.000,12.200,24,,,,
ザイロリック錠５０　５０ｍｇ H,,,,10.10,9.000,0.00,,2025/ 1,FW3D,9.000,10.100,91,,9.000,,
ザラカム配合点眼液 H2.500,,,,661.30,5.000,0.00,,2024/11,FY3916,5.000,920.200,4601,,,,
ザルティア錠２．５ｍｇ H,,,,60.80,100.000,0.77,,2027/ 2,N100401,100.000,54.990,5499,,,,
シアナマイド内用液１％「タナベ」 B,,劇薬,,5.60,3.000,0.00,,2026/ 8,H057A,3.000,5.210,16,,,,
シアリス錠１０ｍｇ（自費薬）,,,,1335.00,9.000,0.52,,2026/ 4,N200201,9.000,1111.450,10003,,,,
シクロスポリンカプセル５０ｍｇ「ＶＴＲＳ」 H,,劇薬,,109.80,63.000,0.00,,2026/ 8,M340AG8,61.000,97.380,5940,,,,
,,,,,,,,2026/10,M350AGA,2.000,97.380,195,,2.000,,
シグマート錠５ｍｇ H,,,,8.90,162.000,0.00,,2027/ 9,22I020Z,100.000,8.080,808,,,,
,,,,,,,,2027/ 8,22H020Z,62.000,8.080,501,,,,
シダキュアスギ花粉舌下錠２，０００ＪＡＵ H,,,,58.50,7.000,0.00,,2026/ 8,4838873A,7.000,52.000,364,,,,
シダキュアスギ花粉舌下錠５，０００ＪＡＵ H,,,,146.10,63.000,0.00,,2027/ 1,5863273A,63.000,125.540,7909,,,,
シプロキサン錠２００ｍｇ H,,,,32.90,155.000,0.78,,2027/11,JPS7721,155.000,32.340,5013,,,,
シベノール錠５０ｍｇ H,,劇薬,,19.60,984.000,0.97,,2028/ 6,CU033,984.000,19.470,19158,,,,
シュアポスト錠０．５ｍｇ H,,劇薬,,31.60,418.000,0.99,2025/ 3/31,2026/ 4,1057C,418.000,26.560,11102,,,,
シロスタゾールＯＤ錠５０ｍｇ「ケミファ」 H,,,,16.70,30.000,0.00,,2026/ 1,24305,30.000,16.100,483,,,,
シロスタゾール錠１００ｍｇ「ケミファ」 H,,,,28.00,20.000,0.00,,2025/ 4,36206,20.000,30.250,605,,,,
シングレアチュアブル錠５ｍｇ H,,,,84.80,3.000,0.00,,2027/ 1,Y005926,3.000,83.610,251,,,,
シンポニー皮下注５０ｍｇオートインジェクター　０．５ｍＬ B,,劇薬,,106324.00,1.000,-537.96,,2027/ 1,A0153,1.000,91439.000,91439,,,,
ジアスターゼ「ケンエー」 B,,,,2.42,200.000,0.00,,2025/ 6,2J06,200.000,2.320,464,,,,
ジアゼパム錠５「トーワ」　５ｍｇ H,,向精神薬,,5.80,79.000,0.00,,2028/ 1,D0238,79.000,4.640,367,,79.000,,
ジェイゾロフトＯＤ錠２５ｍｇ H,,劇薬,,50.90,30.000,0.00,,2025/ 9,GN1756,30.000,50.900,1527,,30.000,,
ジェイゾロフト錠２５ｍｇ H,,劇薬,,50.90,422.000,0.00,,2025/12,LA6098,238.000,48.470,11536,,,,
,,,,,,,,2027/ 1,LC8760,100.000,48.470,4847,,,,
,,,,,,,,2025/12,GY2680,84.000,48.470,4071,,,,
ジクロフェナクＮａテープ３０ｍｇ「日本臓器」　１０ｃｍ×１４ｃｍ H7.000,,,,17.10,70.000,0.00,,2024/12,3A020,70.000,15.510,1086,,70.000,,中央メディカル
ジクロフェナクＮａ坐剤２５ｍｇ「日新」 H,,劇薬,,20.30,82.000,0.45,,2026/10,30261A,82.000,17.750,1456,,,,
ジクロフェナクＮａ坐剤５０ｍｇ「日新」 H,,劇薬,,20.30,43.000,0.83,,2027/ 2,40011A,43.000,18.000,774,,,,
ジソピラミド徐放錠１５０ｍｇ「ＳＷ」 H,,劇薬,,12.00,237.000,0.76,,2026/12,723Z04,200.000,10.900,2180,,,,
,,,,,,,,2026/12,723Z03,37.000,10.900,403,,,,
ジヒドロコデインリン酸塩散１％「タケダ」 B,,劇薬,,10.20,(15.000),0.00,2025/ 3/31,2027/ 2,516493,(15.000),9.540,-143,,,,
ジピリダモール錠１００ｍｇ「ツルハラ」 H,,,,8.90,(897.000),-0.11,,2026/ 2,302,(897.000),5.300,-4754,,,,
ジフェニドール塩酸塩錠２５ｍｇ「タイヨー」 H,,,,5.70,273.000,0.00,2023/ 9/30,2025/10,G61661,273.000,3.720,1016,,,,
ジプレキサザイディス錠５ｍｇ H,,劇薬,,103.10,51.000,0.00,,2026/ 4,5354313A,51.000,95.590,4875,,,,
ジャディアンス錠１０ｍｇ B,,,,188.90,(173.500),-9.63,,2027/ 1,489396,(173.500),162.930,-28268,,,,
ジャヌビア錠１００ｍｇ H,,,,164.60,32.000,0.00,,2025/10,Y004290,32.000,142.790,4569,,,,
ジュリナ錠０．５ｍｇ H,,,,43.70,140.000,0.74,,2026/ 4,WEX4VU,140.000,37.760,5286,,,,
ジュンコウ芍薬甘草湯ＦＣエキス細粒医療用 H1.500,,,,15.30,25.500,0.00,,2026/ 6,2311FM,25.500,9.980,254,,25.500,,
ジルダザック軟膏３％ H10.000,,,,17.00,50.000,0.00,,2025/ 3,BXNZ,50.000,16.800,840,,,,
スオード錠１００　１００ｍｇ H,,,,68.50,84.000,0.00,,2025/ 8,02201,84.000,80.300,6745,,84.000,,
スタデルム軟膏５％ H10.000,,,,12.30,20.000,0.00,,, ,20.000,15.900,318,,,,
ステリクロンＷ液０．０２　０．０２％ B,,,,0.58,500.000,0.00,,2027/ 6,4J20,500.000,0.490,245,,,,
ストラテラカプセル１０ｍｇ H,,劇薬,,133.10,176.000,0.77,,2025/11,E6251A,176.000,130.380,22947,,,,
ストラテラカプセル２５ｍｇ H,,劇薬,,170.70,411.000,0.52,,2026/ 1,E6267A,411.000,167.710,68929,,,,
ストラテラカプセル４０ｍｇ H,,劇薬,,203.80,136.000,0.00,,2026/ 9,E6336A,136.000,196.540,26729,,,,
ストラテラカプセル５ｍｇ H,,劇薬,,114.60,212.000,0.50,,2026/12,E6350A,140.000,109.630,15348,,,,
,,,,,,,,2026/ 9,E6333A,72.000,109.630,7893,,,,
スピリーバ吸入用カプセル１８μｇ H,,,,105.80,14.000,0.97,,2025/11,306233D,14.000,95.210,1333,,,,
スルピリド細粒５０％「アメル」 B,,劇薬,,21.00,10.000,0.00,,2025/ 1, 2103,10.000,21.000,210,,10.000,,
スルピリド錠１００ｍｇ「アメル」 H,,劇薬,,6.40,334.000,0.00,,2027/ 1,2305,200.000,4.700,940,,,,
,,,,,,,,2027/ 1,2304,134.000,4.700,630,,,,
セイブルＯＤ錠５０ｍｇ H,,,,22.30,281.000,0.00,,2026/ 7,KY00202,281.000,22.280,6261,,,,
セスデンカプセル３０ｍｇ H,,,,9.70,128.000,0.64,,2025/ 5,G061B,100.000,9.430,943,,,,
,,,,,,,,2025/ 5,G059A,28.000,9.430,264,,,,
セチロ配合錠 H,,,,5.70,6.000,0.00,,2025/ 4, A016,6.000,5.700,34,,,,
セファドール錠２５ｍｇ H,,,,7.40,124.000,0.00,,2027/ 1,501901,100.000,6.800,680,,,,
,,,,,,,,2026/11,501601,24.000,6.800,163,,,,
セファランチン末１％ B,,,,47.00,69.000,0.00,,, ,69.000,52.700,3636,,69.000,,
セフジニルカプセル１００ｍｇ「ＪＧ」 H,,,,59.70,4.000,0.00,,2025/11,IL071,4.000,54.270,217,,,,
セフゾン細粒小児用１０％　１００ｍｇ B,,,,64.40,300.000,0.06,,2025/ 6,2212C01,300.000,68.570,20571,,,,
セルシン散１％ B,,向精神薬,,10.70,5.000,0.00,,2025/ 9,FD011,5.000,11.700,59,,5.000,,
セルタッチテープ７０　１０ｃｍ×１４ｃｍ H7.000,,,,17.10,35.000,0.00,,2026/ 6,73181,35.000,15.230,533,,35.000,,
セルニルトン錠 H,,,,17.70,(1000.000),-0.22,,2028/ 8,3I291B,(1000.000),15.750,-15750,,,,
セレスタミン配合錠 H,,,,8.00,1450.500,0.25,,2025/11,A010,500.000,7.130,3565,,,,
,,,,,,,,2025/11,A001,500.000,7.130,3565,,,,
,,,,,,,,2025/ 7,Z079,294.000,7.130,2096,,,,
,,,,,,,,2025/ 7,Z069,156.500,7.130,1116,,,,
セレネース細粒１％ B,,劇薬,,32.80,89.900,0.14,,2026/ 2,2107C,89.900,30.430,2736,,,,
セレベント５０ディスカス　５０μｇ６０ブリスター H,,,,2050.80,(1.000),0.00,,2024/11,KC6E-A,(1.000),1991.000,-1991,,,,
セロクエル２５ｍｇ錠 H,,劇薬,,18.70,432.000,0.67,,2027/ 1,24003G1,300.000,17.090,5127,,,,
,,,,,,,,2027/ 1,24002G1,100.000,17.090,1709,,,,
,,,,,,,,2025/12,23002G1,32.000,17.090,547,,,,
センナ末鈴 B,,,,1.26,187.000,0.24,,,KAHS02,187.000,1.150,215,,,,
ゼスラン小児用シロップ０．０３％ B,,,,6.70,236.000,0.00,,2026/ 2,ZSB123J,183.000,5.550,1016,,,,
,,,,,,,,2026/ 1,ZSA123K,53.000,5.550,294,,,,
ゼビアックスローション２％ H10.000,,,,56.40,20.000,0.41,,2027/ 2,FAOKP,20.000,54.700,1094,,,,
ゼペリン点眼液０．１％　５ｍｇ５ｍＬ H,,,,522.40,1.000,0.00,,, ,1.000,638.400,638,,,,
ソタコール錠４０ｍｇ H,,,,110.50,202.000,0.14,,2026/ 5,23108J1,196.000,102.340,20059,,,,
,,,,,,,,2025/ 1,22107J1,6.000,102.340,614,,,,
ソルデム１輸液　２００ｍＬ B,,,,139.00,(5.000),0.00,,, ,(5.000),105.200,-526,,,,
ゾビラックス眼軟膏３％ H5.000,,,,551.50,10.000,0.45,,2026/12,M060,10.000,492.000,4920,,,,
ゾビラックス錠２００　２００ｍｇ H,,,,19.30,1.000,0.00,,2028/ 2,T82T,1.000,26.160,26,,,,
ゾフルーザ錠２０ｍｇ H,,,,2438.80,10.000,0.00,,2025/ 8, 0133,8.000,2172.700,17382,,8.000,,
,,,,,,,,2025/ 9,0135,2.000,2172.700,4345,,,,
ゾルピデム酒石酸塩ＯＤ錠５ｍｇ「サワイ」 H,,向精神薬,,10.10,74.000,0.00,,2024/12,422404,74.000,7.880,583,,74.000,,
ゾルピデム酒石酸塩錠１０ｍｇ「ＴＣＫ」 H,,向精神薬,,12.30,(30.000),-0.77,,, ,(30.000),16.000,-480,,,,
ゾルピデム酒石酸塩錠５ｍｇ「サンド」 H,,向精神薬,,10.10,4.000,0.00,,2026/ 1,P0030,4.000,7.790,31,,,,
タガメット錠２００ｍｇ H,,,,9.80,63.000,0.82,,2026/ 6,1728C,63.000,9.800,617,,,,
タクザイロ皮下注３００ｍｇシリンジ　２ｍＬ B,,,,1288729.00,(3.000),-3.37,,2025/ 7,552553,(3.000),1148140.000,-3444420,,,,
タクロリムス錠１ｍｇ「あゆみ」 H,,劇薬,,153.50,64.000,0.00,,2026/ 3,TAB066,42.000,135.410,5687,,42.000,,
,,,,,,,,2026/ 2,TAB065,22.000,135.410,2979,,22.000,,
タケキャブＯＤ錠１０ｍｇ H,,,,96.80,86.000,0.00,,2026/ 7,555022,86.000,85.830,7381,,86.000,,
タチオン錠１００ｍｇ H,,,,13.20,271.000,0.00,,2026/ 5,0440,151.000,12.500,1888,,,,
,,,,,,,,2026/10,0520,120.000,12.500,1500,,,,
タバリス錠１００ｍｇ H,,劇薬,,4188.00,50.000,0.00,,2026/ 9,CTX2802,50.000,0.000,0,,50.000,,
タペンタ錠１００ｍｇ H,,麻薬,,399.00,89.000,0.00,2025/ 3/31,2025/ 1,A0038,89.000,399.000,35511,,,,
タペンタ錠２５ｍｇ H,,麻薬,,110.70,2.000,0.00,2025/ 3/31,2025/ 5,A0062,2.000,98.330,197,,,,
タペンタ錠５０ｍｇ H,,麻薬,,210.10,(80.000),0.00,2025/ 3/31,, ,(80.000),210.100,-16808,,,,
タミフルカプセル７５　７５ｍｇ H,,,,205.80,104.000,0.00,,2030/ 9,20I510Z,54.000,242.200,13079,,,,
,,,,,,,,2027/ 7, 17G520Z,30.000,242.200,7266,,,,
,,,,,,,,2031/ 5,21E011D,20.000,242.200,4844,,,,
タミフルドライシロップ３％ B,,,,132.00,119.902,0.16,,2033/10,23K540Z,60.000,123.370,7402,,,,
,,,,,,,,2033/ 9,23J550Z,59.902,123.370,7390,,,,
タリオンＯＤ錠１０ｍｇ H,,,,23.60,47.000,0.00,,2026/ 7,H774,47.000,21.140,994,,,,
タリオン錠１０ｍｇ H,,,,23.60,50.000,0.00,,2026/12,H814,50.000,21.680,1084,,,,
タンニン酸アルブミン「ＶＴＲＳ」原末 B,,,,7.00,570.000,0.82,,2028/ 7,671KSR,383.600,6.360,2440,,,,
,,,,,,,,2028/ 2,661KSS,102.400,6.360,651,,,,
,,,,,,,,2028/ 2, 661KSS,84.000,6.360,534,,,,
タンボコール錠１００ｍｇ H,,劇薬,,80.60,106.000,0.00,,2025/ 8,2YA38P,106.000,79.560,8433,,106.000,,
ダーブロック錠６ｍｇ H,,劇薬,,397.80,256.000,0.58,,2027/ 7,9U5V-A,100.000,344.770,34477,,,,
,,,,,,,,2027/10,JJ5F,93.000,344.770,32064,,,,
,,,,,,,,2027/ 7,9U5V,63.000,344.770,21721,,,,
ダイアート錠６０ｍｇ H,,,,17.70,143.000,0.52,,2026/ 9,FY00201,143.000,17.120,2448,,,,
ダイアコート軟膏０．０５％ H5.000,,,,11.00,(45.000),-2.59,,2026/ 6,73041,(45.000),10.620,-478,,,,
ダイアップ坐剤１０　１０ｍｇ H,,向精神薬,,70.30,70.000,0.29,,2026/10,Z008,50.000,66.640,3332,,,,
,,,,,,,,2026/ 7,Z006,16.000,66.640,1066,,,,
,,,,,,,,2026/ 9,Z007,4.000,66.640,267,,,,
ダイアップ坐剤４　４ｍｇ H,,向精神薬,,54.10,17.000,0.14,,2026/11,Z011,17.000,50.580,860,,,,
ダイアモックス錠２５０ｍｇ H,,,,18.90,72.000,0.00,,2027/ 2,KY07101,72.000,17.340,1248,,,,
ダイオウ末鈴 B,,,,2.45,712.000,0.00,,, ,712.000,2.450,1744,,,,
ダイフェン配合錠 H,,,,16.40,120.500,0.10,,2027/ 5,D114A,100.000,14.900,1490,,,,
,,,,,,,,2027/ 2,D033A,20.500,14.900,305,,,,
ダラシンＴゲル１％ H10.000,,,,24.10,40.000,0.39,,2025/11,CLWXA,30.000,27.140,814,,,,
,,,,,,,,2024/12,PLYLZ,10.000,27.140,271,,,,
ダラシンＴローション１％ H20.000,,,,24.10,40.000,-1.55,,, ,40.000,31.100,1244,,,,
チウラジール錠５０ｍｇ H,,,,9.80,498.500,0.10,,2026/ 6,H287,498.000,8.730,4348,,,,
,,,,,,,,2026/ 6,H285,0.500,8.730,4,,,,
チオラ錠１００　１００ｍｇ H,,,,23.00,34.000,0.84,,2026/ 3,HF5480,34.000,20.940,712,,,,
チガソンカプセル１０　１０ｍｇ H,,劇薬,,361.80,169.000,0.69,,2026/10,23K010G,100.000,335.340,33534,,,,
,,,,,,,,2026/ 7,23H030G,69.000,335.340,23138,,,,
チザニジン錠１ｍｇ「テバ」 H,,,,5.90,38.000,0.00,,2026/12,GL0601,38.000,4.710,179,,,,
チモプトールＸＥ点眼液０．５％ H2.500,,,,408.30,7.500,0.85,,2025/ 9,2XJ0020,7.500,385.440,2891,,,,
チモプトール点眼液０．５％ H5.000,,,,107.90,5.000,0.00,,2025/ 2,2TJ0013,5.000,144.400,722,,,,
チモロール点眼液０．２５％「ニッテン」 H5.000,,,,46.90,40.000,0.00,,2025/11,L22C95,40.000,43.640,1746,,,,
チラーヂンＳ散０．０１％ B,,劇薬,,59.10,74.000,0.00,,2024/ 9, R610A,73.000,50.380,3678,,,,
,,,,,,,,2025/ 9,T654A,1.000,50.380,50,,,,
チラーヂンＳ錠７５μｇ H,,劇薬,,9.80,138.000,0.00,,2026/10,W340A,100.000,8.900,890,,,,
,,,,,,,,2025/ 9,T328A,28.000,8.900,249,,,,
,,,,,,,,2027/ 2,W343A,10.000,8.900,89,,,,
ツートラム錠１００ｍｇ H,,劇薬,,91.10,144.000,0.00,,2025/ 4,22004,144.000,97.500,14040,,144.000,,
ツロブテロールテープ１ｍｇ「久光」 H1.000,,,,20.80,38.000,0.82,,2026/ 5,B606T,38.000,18.610,707,,,,
テグレトール錠２００ｍｇ H,,,,8.20,200.000,0.00,,2026/ 8,J0238,200.000,7.490,1498,,,,
テネリアＯＤ錠２０ｍｇ H,,,,106.30,174.000,0.00,,2026/ 5,H136,88.000,92.800,8166,,,,
,,,,,,,,2026/ 5,H132,86.000,92.800,7981,,,,
テネリア錠４０ｍｇ H,,,,159.30,131.000,0.69,,2027/ 2,J050,100.000,139.130,13913,,,,
,,,,,,,,2027/ 2,J049,31.000,139.130,4313,,,,
テプレノンカプセル５０ｍｇ「ＹＤ」 H,,,,6.30,(19.000),0.00,,2026/ 8,Y23N03,(19.000),5.670,-108,,,,
テラムロ配合錠ＡＰ「ＤＳＥＰ」 B,,劇薬,,23.80,(496.000),-1.27,,2026/ 6,389066,(496.000),21.730,-10778,,,,
テラムロ配合錠ＡＰ「ＤＳＥＰ」 H,,劇薬,,23.80,638.000,0.81,,2026/10,489008,638.000,21.730,13864,,,,
テルビナフィン塩酸塩クリーム１％「サワイ」 H10.000,,,,9.90,100.000,0.00,,2027/ 5,X24403,100.000,8.500,850,,,,
テルビナフィン錠１２５ｍｇ「タカタ」 H,,,,52.70,133.000,0.00,,2026/ 2,35902,100.000,54.360,5436,,,,
,,,,,,,,2025/12,25712,33.000,54.360,1794,,33.000,,
テレミンソフト坐薬１０ｍｇ H,,,,20.30,10.000,0.00,,2027/ 1,4B864,10.000,18.020,180,,,,
ディオバン錠８０ｍｇ H,,,,27.90,46.000,0.82,,2027/ 4,P4281,46.000,32.490,1495,,,,
ディクアノン懸濁用配合顆粒 H1.200,,,,6.50,9.600,0.00,,2025/12,30011A,9.600,5.900,57,,9.600,,
ディナゲスト錠１ｍｇ H,,,,124.20,73.000,0.91,,2026/11,B279,73.000,154.520,11280,,,,
デカドロン錠０．５ｍｇ H,,,,5.70,73.000,0.46,,2026/11,KK0101,73.000,4.700,343,,,,
デキサメタゾン眼軟膏０．１％「ニットー」 H3.500,,,,35.30,3.500,0.00,,2025/ 5,L020,3.500,36.340,127,,,,
デノタスチュアブル配合錠 B,,,,12.00,(14.000),-13.41,,2027/ 3,G3120,(14.000),11.630,-163,,,,
デパケン細粒４０％ H,,,,20.20,73.500,-1.84,,2024/ 8, 677AAH,73.500,17.300,1272,,,,
デパス錠１ｍｇ H,,向精神薬,,10.10,127.000,0.00,,2026/ 4,H498,100.000,8.710,871,,,,
,,,,,,,,2026/ 4,H496,27.000,8.710,235,,,,
デュロキセチンＯＤ錠２０ｍｇ「ニプロ」 H,,劇薬,,28.70,10.000,0.00,,2025/ 7,22M201,10.000,28.120,281,,10.000,,
デルモゾールＧクリーム H5.000,,,,27.70,(30.000),0.00,,2024/ 2, 13Y01,(30.000),27.700,-831,,,,
デルモベートクリーム０．０５％ H5.000,,劇薬,,16.70,5.000,0.00,,2024/11,8R2P,5.000,15.500,78,,,,
デルモベート軟膏０．０５％ H30.000,,劇薬,,16.70,15.000,0.00,,2027/ 3,MR4Y,15.000,15.500,233,,,,
トスフロキサシントシル酸塩小児用細粒１５％「明治」　１５０ｍｇ B,,,,121.00,85.900,0.25,,2026/10,01010,85.900,114.800,9861,,,,
トピロリック錠２０ｍｇ H,,,,15.90,90.000,0.00,,2025/ 8,F118N,90.000,16.700,1503,,,,
トピロリック錠６０ｍｇ H,,,,42.80,44.000,0.00,,2026/11,G052S,44.000,39.910,1756,,44.000,,
トプシム軟膏０．０５％ B,,劇薬,,14.80,20.000,0.00,,2027/ 3,G007,20.000,15.720,314,,,,
トライコア錠８０ｍｇ H,,,,21.20,30.000,0.00,,2025/11,W296A,30.000,21.360,641,,,,
トラマールＯＤ錠２５ｍｇ H,,劇薬,,19.20,278.000,0.35,,2026/11,151301,178.000,22.000,3916,,,,
,,,,,,,,2026/11,151401,100.000,22.000,2200,,,,
トラマゾリン点鼻液０．１１８％「ＡＦＰ」 B,,劇薬,,5.50,710.000,0.58,,2027/ 7,200003,480.000,5.190,2491,,,,
,,,,,,,,2026/10,200001,160.000,5.190,830,,,,
,,,,,,,,2027/ 1,200007,70.000,5.190,363,,,,
トリクロルメチアジド錠２ｍｇ「ＴＣＫ」 H,,,,6.20,(4.000),-1.52,,2025/ 2,HCDA,(4.000),4.100,-16,,,,
トリプタノール錠１０　１０ｍｇ H,,,,9.80,389.000,0.53,,2027/ 1,J01000,200.000,7.500,1500,,,,
,,,,,,,,2026/12,JV0100,189.000,7.500,1418,,,,
ドネペジル塩酸塩錠５ｍｇ「クニヒロ」 H,,劇薬,,25.90,(42.000),0.00,,, ,(42.000),0.000,0,,,,
ドパコール配合錠Ｌ５０ H,,,,5.90,76.500,0.78,,2026/ 7,1310732,76.500,5.250,402,,,,
ドプスＯＤ錠２００ｍｇ H,,,,67.70,5.000,0.00,,2024/12,2042C,5.000,67.700,339,,,,
ドルナー錠２０μｇ H,,劇薬,,23.80,166.000,0.00,,2025/11,228A1,166.000,23.070,3830,,,,
ドレニゾンテープ４μｇ／ｃｍ２　０．３ｍｇ７．５ｃｍ×１０ｃｍ H1.000,,,,59.40,(333.000),-4.37,2025/ 3/31,2024/12,1793C,(333.000),56.840,-18928,,,,
ドンペリドンＤＳ小児用１％「サワイ」 B,,,,6.50,461.500,0.03,,2024/11,521Y03,461.500,5.700,2631,,,,
ナイキサン錠１００ｍｇ H,,,,5.90,130.000,0.06,,2026/ 9,H106A,100.000,5.160,516,,,,
,,,,,,,,2026/ 8,H105A,30.000,5.160,155,,,,
ナウゼリン錠１０　１０ｍｇ H,,,,9.60,181.000,0.00,,2026/ 4,305ACD,100.000,8.990,899,,,,
,,,,,,,,2026/ 1,302ACA,81.000,8.990,728,,,,
ナフトピジルＯＤ錠２５ｍｇ「ＥＥ」 H,,,,10.10,2.000,0.00,,2026/ 2,YCC010,2.000,8.750,18,,,,
ナフトピジル錠７５ｍｇ「日医工」 H,,,,16.90,231.000,0.00,,, ,231.000,0.000,0,,,,
ナルサス錠６ｍｇ H,,麻薬,,540.00,35.000,0.94,,2026/ 8,UXA0064,35.000,474.000,16590,,,,
ニコチン酸アミド散１０％「ゾンネ」 B,,,,10.70,547.800,0.54,,2029/ 6,CE645,500.000,9.660,4830,,,,
,,,,,,,,2028/ 1,CD107,47.800,9.660,462,,,,
ニザチジン錠１５０ｍｇ「ＹＤ」 B,,,,10.10,12.000,0.00,,, ,12.000,9.000,108,,,,
ニザチジン錠１５０ｍｇ「ＹＤ」 H,,,,10.10,12.000,0.00,,2025/ 6,Y22G07,12.000,9.000,108,,,,
ニゾラールローション２％ H10.000,,,,22.10,220.000,0.00,,2026/ 6,47021,100.000,20.090,2009,,,,
,,,,,,,,2026/ 6,47025,100.000,20.090,2009,,,,
,,,,,,,,2026/ 5,46031,20.000,20.090,402,,,,
ニトロダームＴＴＳ２５ｍｇ　１０ｃｍ２ H1.000,,劇薬,,46.20,204.000,0.82,,2026/ 2,ALTA00287,204.000,45.230,9227,,,,
ニバジール錠４ｍｇ H,,劇薬,,17.80,194.000,0.93,,2027/ 2,2301W01,194.000,16.550,3211,,,,
ニフェジピンＬ錠１０ｍｇ「ＺＥ」 B,,劇薬,,5.70,(17.000),-7.17,,2027/ 3,222H2,(17.000),3.900,-66,,,,
ニフェジピンＬ錠２０ｍｇ「ＺＥ」 H,,劇薬,,5.90,820.000,0.49,,2027/ 9,158H2,600.000,4.200,2520,,,,
,,,,,,,,2027/ 5,157H2,220.000,4.200,924,,,,
ニフェジピンカプセル５ｍｇ「サワイ」 H,,劇薬,,5.70,(84.000),0.00,,2024/ 8,X21701,(84.000),5.100,-428,,,,
ニュープロパッチ１３．５ｍｇ H1.000,,劇薬,,633.50,35.000,0.00,,2026/ 3,3D73RA1,25.000,619.710,15493,,,,
,,,,,,,,2024/12,2A87RA2,10.000,619.710,6197,,,,
ニュープロパッチ４．５ｍｇ H1.000,,劇薬,,324.40,29.000,0.00,,2025/12,3A80RC2,29.000,298.250,8649,,,,
ニュープロパッチ４．５ｍｇ H28.000,,劇薬,,324.40,28.000,0.00,,2025/ 4,2E88RC1,28.000,308.930,8650,,,,
ニルバジピン錠４ｍｇ「サワイ」 H,,劇薬,,10.10,192.000,0.78,,2027/ 3,524101,100.000,8.130,813,,,,
,,,,,,,,2026/11,523X01,92.000,8.130,748,,,,
ネオーラル２５ｍｇカプセル H,,劇薬,,96.30,148.000,0.95,,2026/ 9,NR2095,148.000,92.030,13620,,,,
ネキシウムカプセル１０ｍｇ H,,,,40.60,25.000,0.00,,2025/11,56620,25.000,41.600,1040,,,,
ネキシウムカプセル２０ｍｇ H,,,,69.70,194.000,0.82,,2026/12,38540,100.000,72.000,7200,,,,
,,,,,,,,2026/ 9,38230,94.000,72.000,6768,,,,
ネキシウム懸濁用顆粒分包１０ｍｇ H,,,,52.60,21.000,0.00,,2025/10,AACK,21.000,52.600,1105,,21.000,,
ネリザ軟膏 H2.000,,劇薬,,24.20,243.000,0.94,,2027/ 1,J0224,243.000,18.820,4573,,,,
ノイロビタン配合錠 H,,,,5.80,674.000,0.82,,2026/ 9,2353W01,500.000,4.620,2310,,,,
,,,,,,,,2026/ 9,2351W21,174.000,4.620,804,,,,
ノボラピッド３０ミックス注　フレックスペン　３００単位 B,,劇薬,,1542.00,(5.000),0.00,,2025/ 8,NT6CB12,(5.000),1387.500,-6938,,,,
ノボラピッド注　イノレット　３００単位 B,,劇薬,,1405.00,2.000,0.00,2025/ 3/31,2025/ 5,NS6KA97,2.000,1337.500,2675,,1.000,,
ノルバスク錠５ｍｇ H,,劇薬,,15.20,72.000,0.00,,2027/12,LC3319,72.000,17.260,1243,,,,
ハイゼット細粒２０％ H0.500,,,,23.70,156.000,0.00,,2025/ 9,0I76W1,156.000,24.260,3785,,,,
ハイゼット錠５０ｍｇ B,,,,7.40,2.000,0.00,,, ,2.000,8.800,18,,2.000,,
ハッカ油「コザカイ・Ｍ」 H20.000,,,,16.10,11.000,0.06,,2028/ 3,DC-01,11.000,16.000,176,,,,
ハルシオン０．２５ｍｇ錠 H,,向精神薬,,8.80,66.000,0.65,,2026/11,LC8763,66.000,8.520,562,,,,
バクタ配合顆粒 B,,,,78.80,48.100,0.43,,2025/12,7242,48.100,78.800,3790,,,,
バクトラミン配合顆粒 B,,,,78.80,111.800,0.15,,2028/12,23L010J,111.800,66.980,7488,,,,
バップフォー錠１０　１０ｍｇ H,,,,28.00,339.000,0.48,,2026/ 5,3E992,295.000,25.920,7646,,,,
,,,,,,,,2026/ 5,3E982,44.000,25.920,1140,,,,
バラマイシン軟膏　（ＢＴＲＣ２５０単位ＦＲＭ２ｍｇ） H10.000,,,,7.60,20.000,0.00,,2025/ 6,206KB,20.000,5.330,107,,,,
バリキサ錠４５０ｍｇ B,,毒薬,,2223.90,32.000,0.00,,2025/ 6,G062A,32.000,2047.820,65530,,32.000,,
バルプロ酸ナトリウムＳＲ錠１００ｍｇ「アメル」 B,,,,9.70,(378.000),-5.61,,2025/ 2,2218,(378.000),8.810,-3330,,,,
バルプロ酸ナトリウムＳＲ錠１００ｍｇ「アメル」 H,,,,9.70,434.000,0.00,,2026/ 8,24K1,434.000,8.810,3824,,,,
バルプロ酸ナトリウムシロップ５％「日医工」 H4.000,,,,9.30,720.000,0.00,,2026/ 9,I00900,720.000,5.850,4212,,,,
バルプロ酸ナトリウム徐放錠Ａ１００ｍｇ「トーワ」 H,,,,6.90,84.000,0.00,,2026/ 9,D0397,42.000,6.000,252,,,,
,,,,,,,,2026/12,D0401,42.000,6.000,252,,42.000,,
バルプロ酸ナトリウム徐放錠Ａ２００ｍｇ「トーワ」 H,,,,10.10,74.000,0.00,,2026/ 4,A0971,74.000,8.320,616,,74.000,,
パキロビッドパック６００ H,,劇薬,,19805.50,10.000,0.00,,2025/ 2,HM0202,10.000,17644.000,176440,,,,
パタノール点眼液０．１％ H5.000,,,,96.40,25.000,0.79,,2026/ 9,VAK98A,25.000,89.960,2249,,,,
ヒアレイン点眼液０．３％　５ｍＬ H,,,,353.20,4.000,0.00,,2027/ 4,3HT2048,4.000,332.800,1331,,,,
ヒビテン・グルコネート液２０％ B,,,,4.97,500.000,0.00,,2025/ 4,4021C,500.000,4.420,2210,,,,
ヒベルナ糖衣錠２５ｍｇ H,,,,5.70,10.000,0.00,,2026/ 2,H079A,10.000,5.080,51,,10.000,,
ヒルドイドクリーム０．３％ B,,,,18.50,450.000,0.89,,2027/ 5,FA010,450.000,16.300,7335,,,,
ヒルドイドソフト軟膏０．３％ H25.000,,,,18.50,200.000,0.00,,2027/ 6,FE03C,200.000,16.300,3260,,,,
ヒルドイドローション０．３％H25g,,,,18.50,200.000,0.00,,2027/ 3,FE08R,200.000,16.300,3260,,,,
ヒルナミン錠（５ｍｇ） H,,,,5.70,35.000,0.00,,2028/ 9,2307,35.000,4.760,167,,,,
ビ・シフロール錠０．５ｍｇ H,,劇薬,,73.70,(13.000),-5.39,,2026/ 5,389004,(13.000),71.410,-928,,,,
ビオスリー配合散 H1.000,,,,8.40,2.000,0.00,,2026/ 1,0323,2.000,6.300,13,,2.000,,
ビオチン散０．２％「ホエイ」 B,,,,6.50,606.000,0.55,,2027/ 8,408TB,500.000,5.590,2795,,,,
,,,,,,,,2027/ 3,403TG,106.000,5.590,593,,,,
ビソノテープ８ｍｇ H1.000,,,,79.60,107.000,0.86,,2026/10,CC071,70.000,67.670,4737,,,,
,,,,,,,,2026/ 1,CJ070,37.000,67.670,2504,,,,
ビタメジン配合カプセルＢ２５ H,,,,5.70,16.000,0.00,,2026/11,LLA1565,16.000,5.080,81,,,,
ビタメジン配合カプセルＢ５０ H,,,,5.90,20.000,0.00,,2026/ 4,LMA1112,20.000,5.760,115,,,,
ビペリデン塩酸塩錠１ｍｇ「アメル」 H,,,,5.70,8.000,0.00,,2025/11,2248,8.000,3.500,28,,8.000,,
ビペリデン塩酸塩錠１ｍｇ「ヨシトミ」 H,,,,5.70,7.000,0.00,,2025/ 6,G149,7.000,0.000,0,,,,
ピーエイ配合錠 H,,,,4.70,143.000,0.84,,2028/10,828J,100.000,3.300,330,,,,
,,,,,,,,2028/ 8,812J,43.000,3.300,142,,,,
ピーゼットシー糖衣錠８ｍｇ H,,,,9.80,23.000,0.00,,2027/ 2,G308A,23.000,8.420,194,,23.000,,
ピートルチュアブル錠５００ｍｇ H,,,,216.40,126.000,0.00,,2027/ 6,ARP2801,126.000,204.850,25811,,126.000,,
ピオグリタゾン錠１５ｍｇ「日医工」 B,,,,12.70,9.000,0.00,,, ,9.000,9.400,85,,,,
ピタバスタチンＣａ錠２ｍｇ「三和」 H,,,,17.80,(49.000),0.00,,, ,(49.000),0.000,0,,,,
ピモベンダン錠１．２５ｍｇ「ＴＥ」 H,,,,35.60,565.000,0.58,,2026/ 9,CS292,300.000,30.260,9078,,,,
,,,,,,,,2026/ 6,CU287,165.000,30.260,4993,,,,
,,,,,,,,2026/ 9,CS294,100.000,30.260,3026,,,,
ファスティック錠９０　９０ｍｇ H,,,,25.20,100.000,0.00,,2026/ 9,B120,100.000,24.240,2424,,,,
ファモチジン細粒２％「サワイ」 H0.500,,,,11.00,280.000,0.38,,2026/ 3,123204,280.000,9.340,2615,,,,
ファモチジン錠２０「サワイ」　２０ｍｇ B,,,,10.10,2621.000,0.64,,2026/ 9,123901,2000.000,7.930,15860,,,,
,,,,,,,,2026/ 5,123501,621.000,7.930,4925,,,,
フィナステリド錠１ｍｇ「VTRS」（自費薬）,,劇薬,,180.00,(28.000),-2.27,,, ,(28.000),144.500,-4046,,,,
フィブラストスプレー５００　５００μｇ（溶解液付） H,,,,7390.40,(1.000),-1.08,,2026/ 8,I36505,(1.000),6855.000,-6855,,,,
フェアストン錠６０　６０ｍｇ H,,劇薬,,230.50,34.000,0.00,2025/ 3/31,2025/ 5,620670,34.000,274.050,9318,,34.000,,
フェキソフェナジン塩酸塩ＤＳ５％「トーワ」 H0.600,,,,29.10,26.400,0.00,,2027/ 2,A0608,26.400,25.900,684,,,,
フェキソフェナジン塩酸塩錠３０ｍｇ「ＳＡＮＩＫ」 H,,,,22.80,152.000,0.92,,2025/12,3K044A,152.000,20.180,3067,,,,
フェノバール錠３０ｍｇ H,,向精神薬,,7.00,854.000,0.95,,2029/ 5,Q02U,600.000,6.260,3756,,,,
,,,,,,,,2029/ 1,Q01F,200.000,6.260,1252,,,,
,,,,,,,,2028/11,P01D,54.000,6.260,338,,,,
フェノバルビタール散１０％「ホエイ」 B,,向精神薬,,7.30,386.200,0.00,,2029/ 3,422KTS,386.200,6.440,2487,,,,
フェノバルビタール散１０％「マルイシ」 B,,向精神薬,,7.50,(82.850),-4.15,2025/ 3/31,2026/ 1,31162,(82.850),6.880,-570,,,,
フェノフィブラート錠５３．３ｍｇ「武田テバ」 H,,,,8.50,112.000,0.00,,2026/ 7,GH0741,100.000,7.450,745,,,,
,,,,,,,,2026/ 3,GE0855,10.000,7.450,75,,,,
,,,,,,,,2025/11,GA0043,2.000,7.450,15,,,,
フェブリク錠１０ｍｇ H,,,,15.50,299.000,0.13,,2026/11,40349,100.000,21.420,2142,,,,
,,,,,,,,2026/11,40353,100.000,21.420,2142,,,,
,,,,,,,,2026/10,40343,99.000,21.420,2121,,,,
フェブリク錠２０ｍｇ B,,,,29.80,3.500,0.00,,2024/10,70088,3.500,29.800,104,,,,
フェルビナクテープ７０ｍｇ「ＥＭＥＣ」　１０ｃｍ×１４ｃｍ H14.000,,,,14.00,580.000,0.00,,2026/ 2,3C14P,580.000,11.400,6612,,,,
フェロミア顆粒８．３％ B,,,,10.30,97.900,0.80,,2026/ 8,241A96S,97.900,9.690,949,,,,
フェンタニル３日用テープ４．２ｍｇ「ＨＭＴ」 H1.000,,麻薬,,2868.40,2.000,0.00,,2026/10,AA01T,2.000,0.000,0,,,,
フェントステープ０．５ｍｇ H1.000,,麻薬,,266.70,32.000,0.14,,2026/ 3,H3-110115,25.000,230.000,5750,,,,
,,,,,,,,2027/ 2, ,7.000,230.000,1610,,,,
フエナゾールクリーム５％ H10.000,,,,14.90,80.000,0.00,,2025/ 2,349422,80.000,15.320,1226,,,,
フシジンレオ軟膏２％　２０ｍｇ H10.000,,,,17.90,90.000,0.29,,2027/ 2,LUA2954,90.000,15.490,1394,,,,
フシジンレオ軟膏２％　２０ｍｇ H50.000,,,,17.90,315.000,0.00,,2026/ 4,LUA2874,315.000,16.200,5103,,,,
フスタゾール散１０％ B,,,,25.10,1182.365,0.57,,2027/ 6,G017A,682.365,22.360,15258,,,,
,,,,,,,,2029/ 6,J018A,500.000,22.360,11180,,,,
フスタゾール糖衣錠１０ｍｇ B,,,,5.90,1854.000,0.41,,2028/ 1,H123A,1000.000,5.100,5100,,,,
,,,,,,,,2027/ 8,H122B,854.000,5.100,4355,,,,
フラジール内服錠２５０ｍｇ H,,,,36.20,282.000,0.05,,2026/ 9,6331,98.000,32.250,3161,,,,
,,,,,,,,2025/10,6307,96.000,32.250,3096,,,,
,,,,,,,,2026/ 6,6323,88.000,32.250,2838,,,,
フラジール腟錠２５０ｍｇ H,,,,54.30,58.000,0.79,,2027/ 6,AF24A,58.000,50.150,2909,,,,
フラボキサート塩酸塩錠２００ｍｇ「サワイ」 H,,,,9.00,576.000,0.88,,2027/ 4,724301,400.000,7.910,3164,,,,
,,,,,,,,2026/ 9,723906,176.000,7.910,1392,,,,
フリウェル配合錠ＬＤ「あすか」 H,,,,74.40,63.000,0.81,,2026/ 5,W073A,42.000,69.000,2898,,,,
,,,,,,,,2025/10,T058A,21.000,69.000,1449,,,,
フリバスＯＤ錠２５ｍｇ H,,,,21.40,3.000,0.00,,2025/ 5,FDA122M,3.000,21.400,64,,3.000,,
フルオロメトロン点眼液０．０２％「センジュ」 H5.000,,,,17.90,20.000,0.64,,2026/12,G063,20.000,15.400,308,,,,
フルティフォーム１２５エアゾール１２０吸入用 H,,,,4607.90,(5.000),-5.57,,2025/11,23135FA,(5.000),4140.000,-20700,,,,
フルバスタチン錠１０ｍｇ「三和」 H,,,,10.40,14.000,0.00,,2025/ 6,LT02,14.000,9.530,133,,14.000,,
フルボキサミンマレイン酸塩錠２５ｍｇ「ＥＭＥＣ」 H,,,,10.10,(7.000),0.75,,2025/ 8,22N251,(7.000),9.000,-63,,,,
フルボキサミンマレイン酸塩錠５０ｍｇ「アメル」 H,,,,14.30,194.000,0.00,,2027/ 4,2405,100.000,12.500,1250,,,,
,,,,,,,,2026/12,2305,94.000,12.500,1175,,,,
フルメジン糖衣錠（０．２５）　０．２５ｍｇ B,,,,5.70,52.500,0.60,,2027/10,G095A,52.500,5.070,266,,,,
フルメタ軟膏　０．１％ H5.000,,劇薬,,20.60,100.000,0.00,,2026/ 5,5453,100.000,19.780,1978,,,,
フロモックス小児用細粒１００ｍｇ B,,,,110.60,100.000,0.00,,2027/ 3,8622,100.000,95.120,9512,,,,
フロモックス錠１００ｍｇ H,,,,41.10,45.000,0.77,,2027/ 5,3481,45.000,34.900,1571,,,,
フロリードＤクリーム１％ H10.000,,,,10.60,60.000,0.00,,2025/ 3,600,60.000,10.600,636,,60.000,,
フロリードゲル経口用２％ H5.000,,,,98.20,175.000,0.00,,2026/12,708,175.000,84.140,14725,,,,
ブシ末（調剤用）「ツムラ」 B,,劇薬,,12.20,500.000,0.00,,2026/12,W37371,500.000,11.090,5545,,,,
ブスコパン錠１０ｍｇ H,,,,5.90,187.000,0.00,,2026/ 7,4K033B,187.000,4.890,914,,,,
ブドウ糖「日医工」 B,,,,1.04,(2.000),0.00,2025/ 3/31,2025/ 7,H00400,(2.000),0.990,-2,,,,
ブドウ糖注５０％ＰＬ「フソー」　２０ｍＬ B,,,,99.00,(5.000),0.00,,, ,(5.000),0.000,0,,,,
ブルフェン錠１００　１００ｍｇ H,,,,5.90,37.000,0.00,,2026/ 5,F37580,37.000,5.300,196,,,,
ブロチゾラムＯＤ錠０．２５ｍｇ「テバ」 H,,向精神薬,,10.10,2.000,0.00,,2022/10, FF0535,2.000,10.100,20,,,,
ブロチゾラム錠０．２５ｍｇ「ＥＭＥＣ」 H,,向精神薬,,10.10,(60.000),-1.19,,2026/ 7,23ZB37S,(60.000),8.510,-511,,,,
ブロチゾラム錠０．２５ｍｇ「テバ」 H,,向精神薬,,10.10,2.000,0.00,,2024/12,G00507,2.000,9.000,18,,2.000,,
ブロチゾラム錠０．２５ｍｇ「ヨシトミ」 B,,向精神薬,,10.10,437.000,0.23,,2026/ 5,H779,437.000,8.320,3636,,,,
ブロナック点眼液０．１％ H5.000,,,,69.70,50.000,0.48,,2025/12,G548,50.000,66.760,3338,,,,
ブロメライン軟膏５万単位／ｇ（ジェイドルフ）　５０，０００単位 H20.000,,,,17.70,20.000,0.00,,2025/ 3, B004,20.000,17.700,354,,20.000,,
プラノバール配合錠 H,,,,13.50,98.000,0.23,,2025/ 9,T196A,98.000,12.540,1229,,,,
プラビックス錠２５ｍｇ H,,,,29.90,88.000,0.00,,2026/ 9,4K106A,88.000,33.370,2937,,,,
プリミドン細粒９９．５％「日医工」 B,,,,55.70,36.600,0.74,,2025/ 5,H00900,36.600,23.960,877,,,,
プリモボラン錠５ｍｇ H,,,,12.10,113.000,0.00,,2028/ 5,JPS7587,100.000,10.870,1087,,,,
,,,,,,,,2027/11,JPS7189,13.000,10.870,141,,,,
プリンペランシロップ０．１％ B,,,,2.46,27.500,0.00,,2025/10,22004R1,27.500,2.350,65,,,,
プリンペラン錠５　５ｍｇ H,,,,6.50,111.000,0.00,,2028/ 3,DK1901,111.000,5.610,623,,,,
プレタールＯＤ錠１００ｍｇ H,,,,34.40,190.000,0.19,,2027/ 3,4C74PDA3,100.000,35.750,3575,,,,
,,,,,,,,2026/10,3J94PDA2,90.000,35.750,3218,,,,
プレミネント配合錠ＬＤ H,,,,51.40,127.000,0.59,,2026/10,Y002974,100.000,42.760,4276,,,,
,,,,,,,,2026/ 7,X022665,27.000,42.760,1155,,,,
プロクトセディル軟膏 H2.000,,,,19.40,28.000,0.00,,2025/ 2,3C886,28.000,17.640,494,,28.000,,
プログラフカプセル１ｍｇ H,,劇薬,,390.00,(82.000),-2.24,,2026/ 2,060570,(82.000),387.280,-31757,,,,
プロスタール錠２５　２５ｍｇ H,,,,41.10,60.000,0.00,,2026/ 6,R739A,60.000,38.790,2327,,,,
プロテカジンＯＤ錠１０　１０ｍｇ H,,,,16.40,106.000,0.80,,2026/ 4,3D74A,100.000,15.360,1536,,,,
,,,,,,,,2026/ 4,3D72A,6.000,15.360,92,,,,
プロトピック軟膏０．０３％小児用 H5.000,,劇薬,,78.60,110.000,0.57,,2025/12,FR003,85.000,73.140,6217,,,,
,,,,,,,,2026/ 1,FR00F,25.000,73.140,1829,,,,
プロピレングリコール（丸石） B,,,,1.09,400.000,0.00,,2025/ 2,22042,400.000,0.930,372,,,,
ベガモックス点眼液０．５％ H5.000,,,,65.40,30.000,0.00,,2026/ 7,VX676A,20.000,65.200,1304,,,,
,,,,,,,,2025/ 1,P0027,10.000,65.200,652,,,,
ベクロメタゾン点鼻液５０μｇ「サワイ」　８．５ｍｇ８．５ｇ H,,,,357.40,8.000,0.00,,2026/ 6,X23502,8.000,286.000,2288,,,,
ベサノイドカプセル１０ｍｇ B,,劇薬,,610.70,2.000,0.00,,2025/ 1,AA22B,2.000,577.640,1155,,2.000,,
ベザトールＳＲ錠２００ｍｇ H,,,,15.20,590.000,0.92,,2027/ 3,CVP1901,300.000,14.260,4278,,,,
,,,,,,,,2026/ 2,CTN0602,100.000,14.260,1426,,,,
,,,,,,,,2026/ 5,CTR2301,96.000,14.260,1369,,,,
,,,,,,,,2027/ 2,CVL1001,91.000,14.260,1298,,,,
,,,,,,,,2026/ 9,CTX1302,3.000,14.260,43,,,,
ベシケアＯＤ錠２．５ｍｇ H,,,,54.80,(17.000),0.00,,2025/ 8,23002R1,(17.000),49.840,-847,,,,
ベシケアＯＤ錠５ｍｇ H,,,,94.60,95.000,0.53,,2025/ 6,23001R1,95.000,85.220,8096,,,,
ベシケア錠５ｍｇ H,,,,94.60,123.000,0.82,,2026/ 6,23005G1,123.000,74.410,9152,,,,
ベセルナクリーム５％　２５０ｍｇ H,,,,652.60,11.000,0.00,,2025/11,37681,11.000,931.330,10245,,,,
ベタニス錠２５ｍｇ H,,劇薬,,87.00,127.000,0.48,,2027/ 7,24014R1,100.000,77.890,7789,,,,
,,,,,,,,2027/ 3,24005R1,27.000,77.890,2103,,,,
ベニジピン塩酸塩錠４ｍｇ「ＴＣＫ」 H,,劇薬,,10.20,85.000,0.00,,2025/ 9, ,85.000,11.200,952,,,,
ベプリコール錠５０ｍｇ H,,劇薬,,38.50,23.000,0.00,,, ,23.000,37.820,870,,,,
ベラチンドライシロップ小児用０．１％ B,,,,12.20,66.120,0.71,,2028/ 1,J220,66.120,11.620,768,,,,
ベンザリン細粒１％ B,,向精神薬,,16.20,133.350,0.58,,2029/ 5,2401,100.000,14.720,1472,,,,
,,,,,,,,2028/ 1,2202,33.350,14.720,491,,,,
ベンザリン錠５　５ｍｇ B,,向精神薬,,8.40,1.000,0.00,,, ,1.000,9.400,9,,,,
ペミロラストＫ点眼液０．１％「ＴＳ」　５ｍｇ５ｍＬ H,,,,220.60,3.000,0.00,,2026/ 5,TF02,3.000,221.200,664,,,,
ペリアクチンシロップ０．０４％ B,,,,1.55,260.000,0.16,,2025/ 4,DI1900,260.000,1.390,361,,,,
ペンタサ錠２５０ｍｇ H,,,,29.20,703.000,0.99,,2027/ 3,F002,500.000,24.750,12375,,,,
,,,,,,,,2026/11,E057,203.000,24.750,5024,,,,
ペンタサ錠５００ｍｇ H,,,,51.80,612.000,0.45,,2027/ 5,F082,500.000,46.950,23475,,,,
,,,,,,,,2027/ 3,F044,112.000,46.950,5258,,,,
ペンタサ顆粒９４％ H1.060,,,,104.90,343.280,0.38,,2026/ 7,V20705A,212.000,92.820,19678,,,,
,,,,,,,,2026/ 5,V19086A,106.000,92.820,9839,,,,
,,,,,,,,2026/ 5,V18700A,25.280,92.820,2346,,,,
ペンニードルプラス ３２G×４ｍｍ,,,,17.00,154.000,0.81,,2029/ 4,PS7E17B-1,70.000,15.500,1085,,,,
,,,,,,,,2029/ 2,PS7C04B-1,70.000,15.500,1085,,,,
,,,,,,,,2028/11,NS7M16B,14.000,15.500,217,,,,
ホーリンＶ腟用錠１ｍｇ H,,,,23.90,53.000,0.55,,2028/ 2,T589A,53.000,21.900,1161,,,,
ホクナリンテープ１ｍｇ H1.000,,,,29.10,6.000,0.00,,2025/ 6,55710YQ1,6.000,27.390,164,,,,
ホクナリンテープ２ｍｇ H1.000,,,,43.10,228.000,0.37,,2025/12,61705YQ1,228.000,40.070,9136,,,,
ホスミシンドライシロップ４００　４００ｍｇ B,,,,86.20,104.000,0.00,,2027/ 1,02411,104.000,73.700,7665,,,,
ホスミシン錠５００　５００ｍｇ H,,,,64.10,124.000,0.28,,2026/11,02546,72.000,54.900,3953,,,,
,,,,,,,,2026/ 7,02536,52.000,54.900,2855,,,,
ホリゾン散１％ B,,向精神薬,,11.50,283.000,0.07,,2027/ 6,270824,283.000,10.870,3076,,,,
ボグリボース錠０．２ｍｇ「ＴＣＫ」 H,,,,10.10,22.000,0.00,,2025/ 3,HDDP,22.000,9.000,198,,,,
ボチシート２０％ H90.000,,,,3.44,180.000,0.00,,2026/ 2,3427,180.000,3.130,563,,,,
ボルタレンゲル１％ H50.000,,,,3.80,200.000,0.00,,2026/ 6,230160,200.000,3.890,778,,200.000,,
ボルタレンテープ１５ｍｇ　７ｃｍ×１０ｃｍ H7.000,,,,12.30,14.000,0.00,,2025/ 2,230020,14.000,10.960,153,,14.000,,
ポピラール消毒液１０％ B,,,,1.39,445.000,0.90,,2027/ 7,764708,445.000,1.410,627,,,,
ポラプレジンクＯＤ錠７５ｍｇ「サワイ」 H,,,,14.30,403.000,0.43,,2026/11,123915,200.000,13.000,2600,,,,
,,,,,,,,2026/11,123913,100.000,13.000,1300,,,,
,,,,,,,,2026/11,123916,100.000,13.000,1300,,,,
,,,,,,,,2026/ 6,123404,3.000,13.000,39,,,,
ポララミン錠２ｍｇ B,,,,5.70,(82.000),-1.15,,2026/ 2,Z011,(82.000),5.140,-421,,,,
ポララミン錠２ｍｇ H,,,,5.70,1680.000,0.62,,2027/ 2,A002,910.000,4.600,4186,,,,
,,,,,,,,2026/11,Z023,770.000,4.600,3542,,,,
ポンタールカプセル２５０ｍｇ H,,,,7.10,145.000,0.00,,2025/ 4, MHA1135,95.000,7.800,741,,,,
,,,,,,,,, ,50.000,7.800,390,,,,
マイクロファインプラス ３２G×６ｍｍ,,,,17.00,7084.000,0.86,,2028/10,3283967,5684.000,16.140,91740,,,,
,,,,,,,,2029/ 2,4038439,1400.000,16.140,22596,,,,
マイコスポールクリーム１％ H10.000,,,,16.30,(10.000),0.00,,, ,(10.000),21.900,-219,,,,
マイザークリーム０．０５％ H5.000,,,,12.00,180.000,0.00,,2026/ 8,H027,100.000,11.680,1168,,,,
,,,,,,,,2026/ 2,H012,40.000,11.680,467,,,,
,,,,,,,,2026/ 4,H018,40.000,11.680,467,,,,
マイザー軟膏０．０５％ B,,,,12.00,100.000,0.00,,2025/11,G107,100.000,11.670,1167,,,,
マイザー軟膏０．０５％ H5.000,,,,12.00,(75.000),-1.06,,2027/ 1,J026,(75.000),11.280,-846,,,,
マイピリン点眼液　５ｍＬ H,,,,86.40,8.000,0.62,,2027/ 7,L24783,8.000,75.900,607,,,,
マグミット錠３３０ｍｇ H,,,,5.70,324.000,0.76,,2027/ 3,24D105,200.000,4.280,856,,,,
,,,,,,,,2026/12,24A025,124.000,4.280,531,,,,
マグミット錠５００ｍｇ H,,,,5.70,186.000,0.91,,2026/10,23M820,186.000,5.080,945,,,,
マスキン液（５Ｗ／Ｖ％）　５％ B,,,,1.94,480.000,0.00,,2023/ 4,94241,480.000,0.680,326,,,,
マドパー配合錠 H,,,,18.50,(339.000),-55.85,2025/ 3/31,2028/ 2,24B030D,(339.000),17.450,-5916,,,,
マルツエキス分包（高田） H9.000,,,,6.30,1728.000,0.30,,2026/12,BZ21A1,1728.000,5.730,9901,,,,
ミカムロ配合錠ＢＰ H,,劇薬,,57.50,100.000,0.59,,2025/ 6,289013,100.000,71.280,7128,,,,
ミケルナ配合点眼液 H2.500,,,,568.80,15.000,0.33,,2026/ 9,4C84MC,15.000,499.880,7498,,,,
ミコンビ配合錠ＡＰ H,,,,40.90,123.000,0.65,,2027/ 1,489001,100.000,31.910,3191,,,,
,,,,,,,,2026/ 9,389004,23.000,31.910,734,,,,
ミドリンＭ点眼液０．４％ H5.000,,,,17.90,5.000,0.00,,2024/12,MM0699,5.000,17.900,90,,5.000,,
ミニリンメルトＯＤ錠１２０μｇ H,,劇薬,,132.90,241.000,0.69,,2026/ 7,5527331A,200.000,124.390,24878,,,,
,,,,,,,,2026/ 7,5462985A,41.000,124.390,5100,,,,
ミラペックスＬＡ錠０．３７５ｍｇ H,,劇薬,,57.00,210.000,0.36,,2026/ 5,389302,195.000,65.390,12751,,,,
,,,,,,,,2025/ 5,289004,15.000,65.390,981,,,,
ミルナシプラン塩酸塩錠１２．５ｍｇ「アメル」 H,,劇薬,,7.60,(30.000),0.00,,2024/11,2102,(30.000),7.270,-218,,,,
ムコダインＤＳ５０％ B,,,,16.40,0.720,0.00,,2026/11,E149,0.720,15.480,11,,0.720,,
ムコダイン錠２５０ｍｇ H,,,,8.50,316.000,0.00,,2029/ 1,F025,316.000,7.000,2212,,,,
ムンデシンカプセル１００ｍｇ H,,劇薬,,2666.10,42.000,0.00,,2025/ 3,MAB402,42.000,2422.610,101750,,42.000,,中央メディカル
メキシチールカプセル５０ｍｇ H,,劇薬,,9.70,344.000,0.00,,2026/ 6,23F010Y,344.000,9.610,3306,,,,
メキシレチン塩酸塩カプセル５０ｍｇ「トーワ」 B,,劇薬,,5.90,452.000,0.15,2026/ 3/31,2026/ 2,D0030,452.000,5.220,2359,,,,
メコバラミン錠２５０μｇ「ＪＧ」　０．２５ｍｇ H,,,,5.70,285.000,0.00,,2026/ 4,R522R70,285.000,5.000,1425,,,,
メコバラミン錠５００μｇ「日医工」　０．５ｍｇ H,,,,5.70,(94.000),-26.06,,2026/ 5,NJ595E,(94.000),3.000,-282,,,,
メジコン散１０％ B,,劇薬,,18.70,0.900,0.00,,, ,0.900,18.720,17,,,,
メジコン錠１５ｍｇ B,,,,5.70,918.000,0.84,,2029/ 7,5613,918.000,4.950,4544,,,,
メジコン錠１５ｍｇ H,,,,5.70,2078.000,-13.33,,2029/ 9,5617,2000.000,4.950,9900,,,,
,,,,,,,,2029/ 9,5615,78.000,4.950,386,,,,
メトアナ配合錠ＨＤ H,,劇薬,,43.30,292.000,0.62,,2027/ 3,N241281,192.000,39.300,7546,,,,
,,,,,,,,2027/ 4,N241341,100.000,39.300,3930,,,,
メトプロロール酒石酸塩錠２０ｍｇ「サワイ」 H,,劇薬,,7.40,505.000,0.25,,2026/ 4,X23401,305.000,6.300,1922,,,,
,,,,,,,,2026/ 6,X23601,200.000,6.300,1260,,,,
メドロキシプロゲステロン酢酸エステル錠２．５ｍｇ「Ｆ」 H,,,,14.50,12.000,0.00,,2026/ 6,AF22A,12.000,14.750,177,,12.000,,
メプチンキッドエアー５μｇ吸入１００回　０．０１４３％２．５ｍＬ H,,,,792.70,(5.000),0.00,,2027/ 2,4B98NAC,(5.000),706.200,-3531,,,,
メプチン吸入液ユニット０．５ｍＬ　０．０１％ H,,,,25.60,(26.000),0.00,,2024/11,1K80DA,(26.000),16.210,-421,,,,
メルカゾール錠５ｍｇ H,,,,9.80,227.500,-44.92,,2027/ 1,W528A,227.500,8.390,1909,,,,
メンドンカプセル７．５ｍｇ H,,向精神薬,,10.10,130.000,0.59,,2027/ 1,37038YQ2,100.000,8.690,869,,,,
,,,,,,,,2026/ 2,36062YQ2,30.000,8.690,261,,,,
モーラステープ２０ｍｇ　７ｃｍ×１０ｃｍ H7.000,,,,19.30,154.000,0.90,,2026/ 4,B506T,154.000,17.470,2690,,,,
モーラスパップＸＲ２４０ｍｇ　２０ｃｍ×１４ｃｍ H7.000,,,,44.70,119.000,0.51,,2026/ 8,B917T,70.000,40.690,2848,,,,
,,,,,,,,2026/ 2,B317T,49.000,40.690,1994,,,,
モイゼルト軟膏０．３％ H10.000,,,,140.40,1020.000,0.19,,2026/ 8,4C90MB2,750.000,126.020,94515,,,,
,,,,,,,,2026/ 8, 4C90MB2,100.000,126.020,12602,,,,
,,,,,,,,2026/ 6,4A91MB1,100.000,126.020,12602,,,,
,,,,,,,,2026/ 4,3K99MB1,40.000,126.020,5041,,,,
,,,,,,,,2026/ 8, 4090MB2,30.000,126.020,3781,,,,
モイゼルト軟膏０．３％ H28.000,,,,140.40,(528.000),-7.52,,2026/11,4F97MB1,(528.000),124.800,-65894,,,,
モイゼルト軟膏１％ H10.000,,,,150.40,530.000,0.57,,2026/ 9,4D83MA1,380.000,133.690,50802,,,,
,,,,,,,,2026/ 9,4D83MA2,120.000,133.690,16043,,,,
,,,,,,,,2026/ 9,4D84MA2,20.000,133.690,2674,,,,
,,,,,,,,2027/ 1,4H92MA1,10.000,133.690,1337,,,,
モメタゾン点鼻液５０μｇ「杏林」１１２噴霧用　９ｍｇ１８ｇ H,,,,894.70,6.000,0.81,,2026/ 9,S608D,5.000,743.000,3715,,,,
,,,,,,,,2025/10,R602E,1.000,743.000,743,,,,
モンテルカスト細粒４ｍｇ「タカタ」 H,,,,33.70,(5.000),0.00,,2026/10,Z103,(5.000),39.290,-196,,,,
ヤクバンテープ２０ｍｇ　７ｃｍ×１０ｃｍ H7.000,,,,12.10,98.000,0.00,,2026/ 1,013N1,98.000,10.780,1056,,,,
ユーエフティＥ配合顆粒Ｔ２００ H,,劇薬,,296.70,8.000,0.00,,2025/ 8,2H92,8.000,296.700,2374,,,,
ユーエフティ配合カプセルＴ１００ H,,劇薬,,125.70,126.000,0.00,,2027/ 9,2I76,100.000,124.740,12474,,,,
,,,,,,,,2026/ 9,1I93,26.000,124.740,3243,,,,
ユーロジン１ｍｇ錠 H,,向精神薬,,5.90,17.000,0.00,,2028/ 5,HM011,17.000,5.190,88,,17.000,,
ユニコン錠４００　４００ｍｇ H,,劇薬,,12.40,88.000,0.00,,2026/ 6,F00700,88.000,12.400,1091,,,,
ユニシア配合錠ＨＤ H,,劇薬,,49.50,132.000,0.00,,2026/ 1,JB021,100.000,57.150,5715,,,,
,,,,,,,,2025/ 4,HE021,32.000,57.150,1829,,,,
ユベラＮカプセル１００ｍｇ B,,,,5.90,5.000,0.00,,2024/ 6,19A45K,5.000,4.960,25,,,,
ユベラ軟膏 H56.000,,,,2.50,112.000,0.00,,2025/ 6,23YA66S,112.000,2.280,255,,,,
ユリーフＯＤ錠４ｍｇ H,,劇薬,,34.00,272.000,0.56,,2026/ 6,CTX0704,156.000,35.570,5549,,,,
,,,,,,,,2026/ 6,CTV3001,100.000,35.570,3557,,,,
,,,,,,,,2026/ 6,CTV2704,16.000,35.570,569,,,,
ユリーフ錠４ｍｇ H,,劇薬,,34.00,93.000,0.00,,2026/ 3,CTL2301,93.000,34.000,3162,,,,
ヨクイニンエキス散「コタロー」 B,,,,17.80,258.800,0.00,,2026/ 3,YP668,258.800,16.510,4273,,,,
ヨクイニンエキス散「コタロー」 H2.000,,,,17.80,975.000,0.11,,2027/ 2,YR400,513.000,16.180,8300,,,,
,,,,,,,,2027/ 4,YR567,462.000,16.180,7475,,,,
ラキソベロン内用液０．７５％ H10.000,,,,16.00,130.000,0.37,,2027/ 4,50045,100.000,13.800,1380,,,,
,,,,,,,,2026/ 7,50035,30.000,13.800,414,,,,
ラクリミン点眼液０．０５％　５ｍＬ H,,,,88.80,7.000,0.00,,2025/ 4,LC1144,7.000,80.000,560,,7.000,,
ラコールNF配合経腸用液２００ｍｌ（ミルク）,,,,1.08,10000.000,0.00,,2025/ 7,V2407141,5600.000,0.960,5376,,,,
,,,,,,,,2025/ 5,V2405143,4400.000,0.960,4224,,,,
ラコールＮＦ配合経腸用液,,,,1.08,5040.000,0.00,,2023/12,V2212254,5040.000,0.870,4385,,,,
ラシックス錠２０ｍｇ H,,,,9.80,720.500,0.37,,2026/ 6,3K251C,646.500,7.900,5107,,,,
,,,,,,,,2026/ 7,3K254A,74.000,7.900,585,,,,
ラタノプロストＰＦ点眼液０．００５％「日点」 H2.500,,,,170.40,12.500,0.97,,2027/ 9,L24989,12.500,188.480,2356,,,,
ラタノプロスト点眼液０．００５％「ＮＰ」 H2.500,,,,170.40,12.500,0.72,,2027/ 4,4440,12.500,176.800,2210,,,,
ラベプラゾールナトリウム錠１０ｍｇ「ＴＣＫ」 H,,,,26.90,(3.000),-0.60,,2026/ 3,IDYE,(3.000),26.900,-81,,,,
ラミシール錠１２５ｍｇ H,,,,60.30,53.000,0.00,,2026/ 1,J0022,53.000,60.300,3196,,,,
ランソプラゾールＯＤ錠１５ｍｇ「サワイ」 H,,,,12.40,230.000,0.38,,2026/ 3,523560,112.000,12.750,1428,,,,
,,,,,,,,2025/12,523102,100.000,12.750,1275,,,,
,,,,,,,,2026/ 6,523855,18.000,12.750,230,,,,
ランソプラゾールＯＤ錠１５ｍｇ「武田テバ」 H,,,,12.40,108.000,0.99,,2027/ 6,KF241,100.000,9.990,999,,,,
,,,,,,,,2027/ 2,KC261,8.000,9.990,80,,,,
リオベル配合錠ＬＤ H,,,,139.60,562.000,0.89,,2026/12,558019,300.000,114.750,34425,,,,
,,,,,,,,2026/10,556622,262.000,114.750,30065,,,,
リキスミア皮下注３００μｇ　３ｍＬ B,,劇薬,,4553.00,4.000,0.00,2025/ 3/31,2025/ 3,3F033A,4.000,4263.500,17054,,,,
リクシアナＯＤ錠１５ｍｇ H,,,,224.70,(46.000),-59.64,,2027/ 1,ULA0094,(46.000),189.500,-8717,,,,
リザベンカプセル１００ｍｇ H,,,,10.60,1.000,0.00,,2025/ 8,R319A,1.000,12.110,12,,1.000,,
リザベン点眼液０．５％　２５ｍｇ５ｍＬ H,,,,346.30,14.000,0.56,,2026/ 3,3328,10.000,292.200,2922,,,,
,,,,,,,,2026/ 3,3327,4.000,292.200,1169,,,,
リスパダールＯＤ錠１ｍｇ H,,劇薬,,14.20,15.000,0.00,,2025/ 5,143BBE,15.000,15.630,234,,,,
リスパダール細粒１％ B,,劇薬,,101.50,162.850,0.36,,2026/10,0197A,100.000,101.370,10137,,,,
,,,,,,,,2026/ 7,0195A,62.850,101.370,6371,,,,
リスパダール錠１ｍｇ H,,劇薬,,14.20,16.000,0.00,,2025/ 1,A0064,16.000,15.420,247,,16.000,,
リスパダール内用液１ｍｇ／ｍＬ　０．１％ H0.500,,劇薬,,37.50,1.000,0.00,,2023/12,0847A,1.000,59.700,60,,,,
リスパダール内用液１ｍｇ／ｍＬ　０．１％ H1.000,,劇薬,,37.50,12.000,0.00,,2026/11,0921B,12.000,36.400,437,,,,
リスペリドン内用液１ｍｇ／ｍＬ「アメル」　０．１％ B,,劇薬,,37.40,81.500,0.00,,2025/ 8,2201,81.500,22.630,1844,,,,
リスペリドン内用液１ｍｇ／ｍＬ「ヨシトミ」　０．１％ H0.500,,劇薬,,30.00,10.000,0.68,,2025/10,22740,10.000,29.240,292,,,,
リスモダンＲ錠１５０ｍｇ H,,劇薬,,26.80,100.000,0.00,,2025/ 5,2K151A,100.000,31.630,3163,,,,
リトドリン塩酸塩錠５ｍｇ「Ｆ」 H,,,,11.60,(10.000),-1.08,,2025/10,BK22A,(10.000),10.770,-108,,,,
リドメックスコーワクリーム０．３％ H5.000,,,,14.70,10.000,0.00,,, ,10.000,0.000,0,,,,
リバロＯＤ錠４ｍｇ H,,,,79.60,97.000,0.00,,2026/ 4,WC3H,97.000,85.200,8264,,89.000,,
リバロ錠４ｍｇ H,,,,79.60,1.000,0.00,,2025/ 1, CW2A,1.000,126.700,127,,,,
リピトール錠５ｍｇ H,,,,20.20,140.000,0.52,,2026/ 6,23012N1,100.000,19.040,1904,,,,
,,,,,,,,2026/ 4,23006N1,40.000,19.040,762,,,,
リボスチン点眼液０．０２５％ H5.000,,,,81.30,60.000,0.00,,2026/11,RVN0082,60.000,72.600,4356,,,,
リボフラビン酪酸エステル錠２０ｍｇ「ツルハラ」 H,,,,5.50,(73.000),-27.28,,2029/ 4,428,(73.000),4.600,-336,,,,
リマチル錠５０ｍｇ H,,劇薬,,23.50,100.000,0.00,,2026/ 9,5RM2036,100.000,22.790,2279,,,,
リマプロストアルファデクス錠５μｇ「サワイ」 H,,,,10.90,62.000,0.00,,2026/ 7,223701,62.000,9.640,598,,,,
リルゾール錠５０ｍｇ「ＡＡ」 H,,,,420.10,108.000,0.00,,2027/ 4,Y153A,56.000,405.090,22685,,,,
,,,,,,,,2027/ 1,W149A,52.000,405.090,21065,,,,
リンデロン−ＤＰゾル　０．０６４％ H10.000,,劇薬,,10.80,(30.000),-0.85,,2024/ 7,5113,(30.000),12.700,-381,,,,
リンデロン−ＶＧ軟膏０．１２％ B,,,,27.70,320.000,0.05,,2026/ 3,8371,150.000,24.680,3702,,,,
,,,,,,,,2026/ 8,8460,120.000,24.680,2962,,,,
,,,,,,,,2027/ 2,8562,50.000,24.680,1234,,,,
リンデロン注２ｍｇ（０．４％） B,,,,169.00,2.000,0.00,,, ,2.000,172.000,344,,,,
リン酸コデイン散１％「ホエイ」 B,,劇薬,,8.50,(51.000),0.00,,, ,(51.000),0.000,0,,,,
リン酸ジヒドロコデイン散１％「ホエイ」 B,,劇薬,,11.30,1604.800,0.33,,2027/ 8,524KSY,1604.800,10.270,16481,,,,
ル・エストロジェル０．０６％ H80.000,,,,20.20,(160.000),0.00,,, ,(160.000),23.900,-3824,,,,
ルジオミール錠１０ｍｇ H,,,,6.80,100.000,0.00,,2025/ 5,J0012,100.000,7.150,715,,80.000,,
ルトラール錠２ｍｇ H,,,,23.60,8.000,0.00,,2025/ 4,CD22A,8.000,22.120,177,,8.000,,
ルナベル配合錠ＵＬＤ H,,,,170.80,21.000,0.00,,2026/ 7,ADFN1,21.000,164.290,3450,,,,
ルネスタ錠２ｍｇ H,,,,52.80,88.000,0.68,,2026/10,42A48K,88.000,47.020,4138,,,,
ルプラック錠８ｍｇ H,,,,25.30,160.500,0.69,,2026/ 8,H713,160.500,23.540,3778,,,,
ルミガン点眼液０．０３％ H2.500,,,,538.40,12.500,0.00,,2025/ 7,B323,12.500,563.120,7039,,,,
ルリッド錠１５０　１５０ｍｇ H,,,,29.00,18.000,0.00,,2025/12,3K629A,18.000,29.000,522,,18.000,,
レキソタン錠２　２ｍｇ H,,向精神薬,,5.90,88.500,0.95,,2029/ 3,24255S1,88.500,4.960,439,,,,
レキソタン錠５　５ｍｇ H,,向精神薬,,7.80,97.000,0.00,,2026/ 3,21306S1,51.000,7.820,399,,,,
,,,,,,,,2028/ 4,23321S1,46.000,7.820,360,,,,
レスタミンコーワ錠１０ｍｇ B,,,,5.90,191.000,0.00,,2028/ 5,IO3I,191.000,5.180,989,,,,
レスミット錠５　５ｍｇ H,,向精神薬,,5.70,82.000,0.00,,2026/ 3,2101,82.000,5.700,467,,,,
レベミル注　イノレット　３００単位 B,,劇薬,,1563.00,3.000,0.00,2025/ 3/31,2025/12,NS6KJ21,3.000,1650.500,4952,,,,
レベミル注　フレックスペン　３００単位 B,,劇薬,,1541.00,3.000,0.58,,2026/ 6,PT6DL75,3.000,1759.000,5277,,,,
レボセチリジン塩酸塩ＤＳ０．５％「ＴＣＫ」 B,,,,51.00,159.450,0.47,,2027/ 4,JEDU,100.000,45.000,4500,,,,
,,,,,,,,2026/ 4,IEDP,59.450,45.000,2675,,,,
レボセチリジン塩酸塩ＯＤ錠２．５ｍｇ「ＹＤ」 H,,,,13.70,56.000,0.00,,, ,56.000,14.700,823,,,,
レボノルゲストレル錠１．５ｍｇ「Ｆ」1.5 1.5MG PTP        1T,,,,4667.00,1.000,0.00,,2026/ 1,CA23A,1.000,3498.000,3498,,,,
レボフロキサシンＯＤ錠２５０ｍｇトーワ H,,,,37.00,121.000,0.72,,2026/ 7,B0131,100.000,32.000,3200,,,,
,,,,,,,,2026/ 7,B0126,21.000,32.000,672,,,,
レボフロキサシンＯＤ錠５００ｍｇトーワ H,,,,69.90,1.000,0.00,2025/ 3/31,2026/ 1,B0134,1.000,61.600,62,,,,
レミニールＯＤ錠８ｍｇ H,,劇薬,,100.80,56.000,0.00,,2025/ 5,0234B,56.000,102.360,5732,,,,
ロートエキス散「ケンエー」 B,,劇薬,,7.30,311.300,0.00,,2025/12,1D01,311.300,4.350,1354,,,,
ロートエキス散「ニッコー」 B,,劇薬,,7.30,(9.900),-0.40,,2023/ 9,920925,(9.900),7.300,-72,,,,
ロキソニンゲル１％ H25.000,,,,3.00,(50.000),-2.04,,2026/ 5,NSN1850,(50.000),2.940,-147,,,,
ロキソプロフェンＮａ錠６０ｍｇ「アメル」 H,,,,9.80,30.000,0.00,,, ,30.000,9.800,294,,,,
ロキソプロフェンナトリウムテープ５０ｍｇ「タイホウ」　７×１０ H7.000,,,,12.30,77.000,0.00,,2026/ 5,3F96,70.000,10.100,707,,,,
,,,,,,,,2026/ 4,3E79,7.000,10.100,71,,,,
ロコイドクリーム０．１％ H10.000,,,,14.90,(10.000),0.00,,2024/10, LEJ01K,(10.000),12.100,-121,,,,
ロサルヒド配合錠ＬＤ「日医工」 H,,,,18.60,100.000,0.00,,2026/10,I00500,100.000,12.250,1225,,,,
ロスーゼット配合錠ＨＤ H,,,,75.30,490.000,0.86,,2027/ 3,Y012096,290.000,64.760,18780,,,,
,,,,,,,,2027/ 4,Y014206,100.000,64.760,6476,,,,
,,,,,,,,2027/ 4,Y014130,100.000,64.760,6476,,,,
ロスーゼット配合錠ＬＤ H,,,,75.30,156.000,0.59,,2026/ 5,X022212,86.000,122.410,10527,,,,
,,,,,,,,2026/12,Y007211,45.000,122.410,5508,,,,
,,,,,,,,2025/ 8,W038699,25.000,122.410,3060,,,,
ロスバスタチン錠５ｍｇ「ＥＥ」 H,,,,10.10,7.000,0.00,,2025/11,2Y041E,7.000,8.860,62,,,,
ロドピン錠５０ｍｇ H,,劇薬,,19.60,3.000,0.00,,2026/ 1,2303M01,3.000,18.710,56,,3.000,,
ロバキシン顆粒９０％ B,,,,13.50,40.000,0.00,,, ,40.000,14.300,572,,,,
ロピニロール徐放錠８ｍｇ「トーワ」 H,,劇薬,,179.60,86.000,0.00,,2025/ 9,B0070,57.000,158.500,9035,,,,
,,,,,,,,2025/ 9,B0072,29.000,158.500,4597,,,,
ロラタジンＤＳ１％「サワイ」 H0.500,,,,33.10,226.000,0.36,,2026/ 9,123805,151.000,30.000,4530,,,,
,,,,,,,,2026/10,123901,75.000,30.000,2250,,,,
ロラメット錠１．０　１ｍｇ H,,向精神薬,,14.70,84.000,0.00,,2026/ 1, R151A,84.000,16.800,1411,,,,
ワイドシリン細粒２０％　２００ｍｇ B,,,,11.80,294.000,0.41,,2026/ 1,01420,194.000,10.630,2062,,,,
,,,,,,,,2026/ 2,01442,100.000,10.630,1063,,,,
ワイパックス錠０．５　０．５ｍｇ H,,向精神薬,,5.90,62.000,0.62,,2026/ 8,LC3315,60.000,5.060,304,,,,
,,,,,,,,2026/ 2,HJ1305,2.000,5.060,10,,,,
ワソラン錠４０ｍｇ B,,,,7.20,578.000,0.84,,2026/ 3,35A55K,356.000,6.030,2147,,,,
,,,,,,,,2026/ 3,35A54K,122.000,6.030,736,,,,
,,,,,,,,2026/11,41A43K,100.000,6.030,603,,,,
液状フェノール「ケンエー」 B,,劇薬,,1.31,135.000,0.04,,, ,135.000,1.110,150,,,,
塩化カリウム B,,,,0.78,904.250,0.11,,2027/ 6,A4G02,500.000,2.670,1335,,,,
,,,,,,,,2026/12,A4A26,404.250,2.670,1079,,,,
乾燥水酸化アルミニウムゲル「ニッコー」 B,,,,7.30,550.000,0.00,,2027/ 7,124725,500.000,3.200,1600,,,,
,,,,,,,,2025/ 6,122601,50.000,3.200,160,,,,
三和芍薬甘草附子湯エキス細粒 H1.500,,劇薬,,19.50,387.000,0.00,,2028/ 4,TET03,381.000,11.500,4382,,381.000,,
,,,,,,,,2027/ 2,DCD05,6.000,11.500,69,,6.000,,
酸化マグネシウム錠２５０ｍｇ「ケンエー」 B,,,,5.70,(10.000),0.00,,, ,(10.000),0.000,0,,,,
酸化マグネシウム錠３３０ｍｇ「ヨシダ」 B,,,,5.70,(14.000),0.00,,2027/ 2,324503,(14.000),3.310,-46,,,,
重質酸化マグネシウム「ケンエー」 H0.200,,,,1.56,371.000,0.00,,, ,371.000,0.000,0,,,,
重質酸化マグネシウム「ケンエー」 H0.330,,,,1.56,352.330,0.12,,2027/ 8,4L16,346.500,9.180,3181,,,,
,,,,,,,,2027/ 1,4E07,5.830,9.180,54,,,,
重質酸化マグネシウム「ケンエー」 H0.500,,,,1.56,874.000,0.38,,2027/ 6,4J53,525.000,6.290,3302,,,,
,,,,,,,,2027/ 5,4I45,349.000,6.290,2195,,,,
重質酸化マグネシウム「ケンエー」 H0.670,,,,1.56,886.410,0.02,,2026/ 4,3H08,605.010,5.390,3261,,,,
,,,,,,,,2026/12,2D05,281.400,5.390,1517,,,,
重質酸化マグネシウム「ケンエー」 H1.000,,,,1.56,2549.000,0.83,,2027/ 4,4H17,1050.000,3.600,3780,,,,
,,,,,,,,2027/ 2,4F15,927.000,3.600,3337,,,,
,,,,,,,,2026/11,2007,572.000,3.600,2059,,,,
小児用フルナーゼ点鼻液２５μｇ５６噴霧用　２．０４ｍｇ４ｍＬ H,,,,361.60,6.000,0.47,,2027/ 6,U22R,5.000,340.800,1704,,,,
,,,,,,,,2025/ 9,F87W,1.000,340.800,341,,,,
小児用ムコソルバンＤＳ１．５％ B,,,,20.80,222.830,0.73,,2026/ 9,15290,122.830,22.800,2801,,,,
,,,,,,,,2026/10,15315,100.000,22.800,2280,,,,
消毒用エタノール「マルイシ」 B,,,,1.87,5000.000,0.00,,2027/ 4,44182,2500.000,1.890,4725,,,,
,,,,,,,,2027/ 9,49022,2500.000,1.890,4725,,,,
生食注シリンジ「ＮＰ」　１０ｍＬ B,,,,100.00,7.000,0.00,,, ,7.000,76.600,536,,,,
太虎堂のきゅう帰調血飲エキス顆粒 H2.000,,,,18.30,84.000,0.00,,2026/ 4,501714,84.000,11.070,930,,84.000,,
大塚生食注　２０ｍＬ B,,,,62.00,68.000,0.00,,2026/11,K3K98,68.000,52.940,3600,,,,
単シロップ B,,,,0.91,446.000,0.20,,2026/ 8,334501,446.000,0.920,410,,,,
単シロップ（シオエ）,,,,0.91,(218.000),-1.60,,2026/ 8,334501,(218.000),0.920,-201,,,,
炭酸水素ナトリウム「ＶＴＲＳ」原末 B,,,,0.75,500.000,0.00,,2029/ 7,601KTY,500.000,0.640,320,,,,
炭酸水素ナトリウム「ニッコー」 B,,,,0.73,1542.900,0.42,,2027/ 7,544712,1000.000,0.670,670,,,,
,,,,,,,,2027/ 6,544612,542.900,0.670,364,,,,
乳酸カルシウム「ケンエー」 H1.000,,,,3.84,(249.500),-8.27,2025/ 3/31,2026/10,3B05,(249.500),5.560,-1387,,,,
乳酸カルシウム水和物「ケンエー」原末 H1.000,,,,3.84,3150.000,0.00,,2027/ 6,4J03,2100.000,5.560,11676,,,,
,,,,,,,,2027/ 6,4J02,1050.000,5.560,5838,,,,
乳糖水和物「ケンエー」 B,,,,1.57,1043.800,0.04,,2028/ 2,4F04,500.000,1.400,700,,,,
,,,,,,,,2028/10,4B01,500.000,1.400,700,,,,
,,,,,,,,2028/ 2,4F03,43.800,1.400,61,,,,
白糖 B,,,,1.11,769.700,0.08,,,KTMSA1,500.000,1.110,555,,,,
,,,,,,,,,KTHSA1,269.700,1.110,299,,,,
無水エタノール「マルイシ」 B,,,,2.37,2500.000,0.00,,2025/11,2Y262,2500.000,2.010,5025,,,,
滅菌精製水「ケンエー」 B,,,,0.51,3040.000,0.67,,2027/ 8,4L199,2500.000,0.460,1150,,,,
,,,,,,,,2026/ 8,3L178,540.000,0.460,248,,,,
流動パラフィン「ケンエー」 B,,,,0.94,475.000,0.02,,2028/ 3,4G30,475.000,0.850,404,,,,
ﾌﾟﾛﾍﾟｼｱ ｼﾞﾖｳ 1MG      PTP    1MG  14TX10,,劇薬,,250.00,509.000,0.55,,2026/ 7,Y002139,509.000,206.890,105307,,,,
